"&H2EE57D","Sing",3400.5,"---"
"&H2EE5AD","Sing",3300.5,"---"
"&H2EE5D9","Sing",2600.5,"---"
"&H2EE579","Sing",3600,"---"
"&H2EE5A9","Sing",3500,"---"
"&H2EE5D5","Sing",2800,"---"
"&H2C1ED","Sing",.3,"---"
"&H2C6CD","Sing",.3,"---"
"&H2CBAD","Sing",.3,"---"
"&H2D08D","Sing",.3,"---"
"&H2D568","Sing",.3,"---"
"&H2DA35","Sing",.3,"---"
"&H2DF0D","Sing",.3,"---"
"&H2E3ED","Sing",.3,"---"
"&H2E8CD","Sing",.3,"---"
"&H2EDAD","Sing",.3,"---"
"&H2F288","Sing",.3,"---"
"&H2F755","Sing",.3,"---"
"&H2FC2D","Sing",.3,"---"
"&H3011D","Sing",.3,"---"
"&H305FD","Sing",.3,"---"
"&H30AD8","Sing",.3,"---"
"&H30FB5","Sing",.3,"---"
"&H3149D","Sing",.225,"---"
"&H3197D","Sing",.225,"---"
"&H31E5D","Sing",.225,"---"
"&H32338","Sing",.225,"---"
"&H32818","Sing",.225,"---"
"&H2C1F7","Sing",1.564,"---"
"&H2C6D7","Sing",1.564,"---"
"&H2CBB7","Sing",1.564,"---"
"&H2D097","Sing",1.564,"---"
"&H2D572","Sing",1.564,"---"
"&H2DA54","Sing",1.564,"---"
"&H2DF17","Sing",1.564,"---"
"&H2E3F7","Sing",1.564,"---"
"&H2E8D7","Sing",1.564,"---"
"&H2EDB7","Sing",1.564,"---"
"&H2F292","Sing",1.564,"---"
"&H2F774","Sing",1.564,"---"
"&H2FC37","Sing",1.564,"---"
"&H30127","Sing",1.564,"---"
"&H30607","Sing",1.564,"---"
"&H30AE2","Sing",1.564,"---"
"&H30FD4","Sing",1.564,"---"
"&H314A7","Sing",1.273,"---"
"&H31987","Sing",1.273,"---"
"&H31E67","Sing",1.273,"---"
"&H32357","Sing",1.273,"---"
"&H32837","Sing",1.273,"---"
"&H2C207","Sing",1.717,"---"
"&H2C6E7","Sing",1.717,"---"
"&H2CBC7","Sing",1.717,"---"
"&H2D0A7","Sing",1.717,"---"
"&H2D57C","Sing",1.717,"---"
"&H2DA5E","Sing",1.717,"---"
"&H2DF27","Sing",1.717,"---"
"&H2E407","Sing",1.717,"---"
"&H2E8E7","Sing",1.717,"---"
"&H2EDC7","Sing",1.717,"---"
"&H2F29C","Sing",1.717,"---"
"&H2F77E","Sing",1.717,"---"
"&H2FC47","Sing",1.717,"---"
"&H30137","Sing",1.717,"---"
"&H30617","Sing",1.717,"---"
"&H30AEC","Sing",1.717,"---"
"&H30FDE","Sing",1.717,"---"
"&H314B7","Sing",1.387,"---"
"&H31997","Sing",1.387,"---"
"&H31E77","Sing",1.387,"---"
"&H32361","Sing",1.387,"---"
"&H32841","Sing",1.387,"---"
"&H2C211","Sing",0,"---"
"&H2C6F1","Sing",0,"---"
"&H2CBD1","Sing",0,"---"
"&H2D0B1","Sing",0,"---"
"&H2D58C","Sing",0,"---"
"&H2DA68","Sing",0,"---"
"&H2DF31","Sing",0,"---"
"&H2E411","Sing",0,"---"
"&H2E8F1","Sing",0,"---"
"&H2EDD1","Sing",0,"---"
"&H2F2AC","Sing",0,"---"
"&H2F788","Sing",0,"---"
"&H2FC51","Sing",0,"---"
"&H30141","Sing",0,"---"
"&H30621","Sing",0,"---"
"&H30AFC","Sing",0,"---"
"&H30FE8","Sing",0,"---"
"&H314C1","Sing",0,"---"
"&H319A1","Sing",0,"---"
"&H31E81","Sing",0,"---"
"&H3236B","Sing",0,"---"
"&H3284B","Sing",0,"---"
"&H2C21B","Sing",67.3,"---"
"&H2C6FB","Sing",67.3,"---"
"&H2CBDB","Sing",67.3,"---"
"&H2D0BB","Sing",67.3,"---"
"&H2D596","Sing",67.3,"---"
"&H2DA78","Sing",67.3,"---"
"&H2DF3B","Sing",67.3,"---"
"&H2E41B","Sing",67.3,"---"
"&H2E8FB","Sing",67.3,"---"
"&H2EDDB","Sing",67.3,"---"
"&H2F2B6","Sing",67.3,"---"
"&H2F798","Sing",67.3,"---"
"&H2FC5B","Sing",67.3,"---"
"&H3014B","Sing",67.3,"---"
"&H3062B","Sing",67.3,"---"
"&H30B06","Sing",67.3,"---"
"&H30FF8","Sing",67.3,"---"
"&H314CB","Sing",50,"---"
"&H319AB","Sing",50,"---"
"&H31E8B","Sing",50,"---"
"&H3237B","Sing",50,"---"
"&H3285B","Sing",50,"---"
"&H2EE581","Sing",22,"---"
"&H2EE585","Sing",13.5,"---"
"&H2C225","Sing",.1,"---"
"&H2C705","Sing",.1,"---"
"&H2CBE5","Sing",.1,"---"
"&H2D0C5","Sing",.1,"---"
"&H2D5A0","Sing",.1,"---"
"&H2DA82","Sing",.1,"---"
"&H2DF45","Sing",.1,"---"
"&H2E425","Sing",.1,"---"
"&H2E905","Sing",.1,"---"
"&H2EDE5","Sing",.1,"---"
"&H2F2C0","Sing",.1,"---"
"&H2F7A2","Sing",.1,"---"
"&H2FC65","Sing",.1,"---"
"&H30155","Sing",.1,"---"
"&H30635","Sing",.1,"---"
"&H30B10","Sing",.1,"---"
"&H31002","Sing",.1,"---"
"&H314D5","Sing",.1,"---"
"&H319B5","Sing",.1,"---"
"&H31E95","Sing",.1,"---"
"&H32385","Sing",.1,"---"
"&H32865","Sing",.1,"---"
"&H2C235","Sing",-1.95,"---"
"&H2C715","Sing",-1.95,"---"
"&H2CBF5","Sing",-1.95,"---"
"&H2D0D5","Sing",-1.95,"---"
"&H2D5AA","Sing",-1.95,"---"
"&H2DA8C","Sing",-1.95,"---"
"&H2DF55","Sing",-1.95,"---"
"&H2E435","Sing",-1.95,"---"
"&H2E915","Sing",-1.95,"---"
"&H2EDF5","Sing",-1.95,"---"
"&H2F2CA","Sing",-1.95,"---"
"&H2F7AC","Sing",-1.95,"---"
"&H2FC75","Sing",-1.95,"---"
"&H30165","Sing",-1.95,"---"
"&H30645","Sing",-1.95,"---"
"&H30B1A","Sing",-1.95,"---"
"&H3100C","Sing",-1.95,"---"
"&H314E5","Sing",-1.6,"---"
"&H319C5","Sing",-1.6,"---"
"&H31EA5","Sing",-1.6,"---"
"&H3238F","Sing",-1.6,"---"
"&H3286F","Sing",-1.6,"---"
"&H2C23F","Sing",0,"---"
"&H2C71F","Sing",0,"---"
"&H2CBFF","Sing",0,"---"
"&H2D0DF","Sing",0,"---"
"&H2D5BA","Sing",0,"---"
"&H2DA96","Sing",0,"---"
"&H2DF5F","Sing",0,"---"
"&H2E43F","Sing",0,"---"
"&H2E91F","Sing",0,"---"
"&H2EDFF","Sing",0,"---"
"&H2F2DA","Sing",0,"---"
"&H2F7B6","Sing",0,"---"
"&H2FC7F","Sing",0,"---"
"&H3016F","Sing",0,"---"
"&H3064F","Sing",0,"---"
"&H30B2A","Sing",0,"---"
"&H31016","Sing",0,"---"
"&H314EF","Sing",0,"---"
"&H319CF","Sing",0,"---"
"&H31EAF","Sing",0,"---"
"&H32399","Sing",0,"---"
"&H32879","Sing",0,"---"
"&H2C249","Sing",-.05,"---"
"&H2C729","Sing",-.05,"---"
"&H2CC09","Sing",-.05,"---"
"&H2D0E9","Sing",-.05,"---"
"&H2D5C4","Sing",-.05,"---"
"&H2DAA0","Sing",-.05,"---"
"&H2DF69","Sing",-.05,"---"
"&H2E449","Sing",-.05,"---"
"&H2E929","Sing",-.05,"---"
"&H2EE09","Sing",-.05,"---"
"&H2F2E4","Sing",-.05,"---"
"&H2F7C0","Sing",-.05,"---"
"&H2FC89","Sing",-.05,"---"
"&H30179","Sing",-.05,"---"
"&H30659","Sing",-.05,"---"
"&H30B34","Sing",-.05,"---"
"&H31020","Sing",-.05,"---"
"&H314F9","Sing",-.05,"---"
"&H319D9","Sing",-.05,"---"
"&H31EB9","Sing",-.05,"---"
"&H323A3","Sing",-.05,"---"
"&H32883","Sing",-.05,"---"
"&H2EE575","Sing",110,"---"
"&H2EE5A5","Sing",105,"---"
"&H2EE5C1","Sing",112,"---"
"&H2EE5D1","Sing",98,"---"
"&H2EE571","Sing",59.5,"---"
"&H2EE5BD","Sing",60.625,"---"
"&H2EE5CD","Sing",64,"---"
"&H2EE591","Sing",60.5,"---"
"&H2EE5C9","Sing",63,"---"
"&H2C253","Sing",5,"---"
"&H2C733","Sing",5,"---"
"&H2CC13","Sing",5,"---"
"&H2D0F3","Sing",5,"---"
"&H2D5CE","Sing",5,"---"
"&H2DAAA","Sing",5,"---"
"&H2DF73","Sing",5,"---"
"&H2E453","Sing",5,"---"
"&H2E933","Sing",5,"---"
"&H2EE13","Sing",5,"---"
"&H2F2EE","Sing",5,"---"
"&H2F7CA","Sing",5,"---"
"&H2FC93","Sing",5,"---"
"&H30183","Sing",5,"---"
"&H30663","Sing",5,"---"
"&H30B3E","Sing",5,"---"
"&H3102A","Sing",5,"---"
"&H31503","Sing",5,"---"
"&H319E3","Sing",5,"---"
"&H31EC3","Sing",5,"---"
"&H323AD","Sing",5,"---"
"&H3288D","Sing",5,"---"
"&H2C25D","Sing",.4725,"---"
"&H2C73D","Sing",.483,"---"
"&H2CC1D","Sing",.4725,"---"
"&H2D0FD","Sing",.4726,"---"
"&H2D5D8","Sing",.4726,"---"
"&H2DAC6","Sing",.4726,"---"
"&H2DF7D","Sing",.4703,"---"
"&H2E45D","Sing",.4817,"---"
"&H2E93D","Sing",.4704,"---"
"&H2EE1D","Sing",.4704,"---"
"&H2F2F8","Sing",.4704,"---"
"&H2F7E6","Sing",.4704,"---"
"&H2FC9D","Sing",.473,"---"
"&H3018D","Sing",.473,"---"
"&H3066D","Sing",.4731,"---"
"&H30B48","Sing",.4731,"---"
"&H31046","Sing",.4731,"---"
"&H3150D","Sing",.4671,"---"
"&H319ED","Sing",.4672,"---"
"&H31ECD","Sing",.4672,"---"
"&H323C9","Sing",.4674,"---"
"&H328A9","Sing",.4674,"---"
"&H2C1DE","Sing",2.802597E-45,"---"
"&H2C6BE","Sing",2.802597E-45,"---"
"&H2CB9E","Sing",5.605194E-45,"---"
"&H2D07E","Sing",8.407791E-45,"---"
"&H2D55E","Sing",1.121039E-44,"---"
"&H2DEFE","Sing",2.802597E-45,"---"
"&H2E3DE","Sing",2.802597E-45,"---"
"&H2E8BE","Sing",5.605194E-45,"---"
"&H2ED9E","Sing",8.407791E-45,"---"
"&H2F27E","Sing",1.121039E-44,"---"
"&H2FC1E","Sing",1.261169E-44,"---"
"&H3010E","Sing",1.541428E-44,"---"
"&H305EE","Sing",1.821688E-44,"---"
"&H30ACE","Sing",2.101948E-44,"---"
"&H3148E","Sing",2.522337E-44,"---"
"&H3196E","Sing",2.802597E-44,"---"
"&H31E4E","Sing",3.082857E-44,"---"
"&H3232E","Sing",3.363116E-44,"---"
"&H3280E","Sing",2.242078E-44,"---"
"&H2C1E3","Sing",4.203895E-45,"---"
"&H2C6C3","Sing",4.203895E-45,"---"
"&H2CBA3","Sing",7.006492E-45,"---"
"&H2D083","Sing",9.809089E-45,"---"
"&H2DF03","Sing",4.203895E-45,"---"
"&H2E3E3","Sing",4.203895E-45,"---"
"&H2E8C3","Sing",7.006492E-45,"---"
"&H2EDA3","Sing",9.809089E-45,"---"
"&H2FC23","Sing",1.401298E-44,"---"
"&H30113","Sing",1.681558E-44,"---"
"&H305F3","Sing",1.961818E-44,"---"
"&H31493","Sing",2.662467E-44,"---"
"&H31973","Sing",2.942727E-44,"---"
"&H31E53","Sing",3.222986E-44,"---"
"&H2DA4A","Sing",1.401298E-45,"---"
"&H2F76A","Sing",1.401298E-45,"---"
"&H30FCA","Sing",1.401298E-45,"---"
"&H3234D","Sing",3.503246E-44,"---"
"&H3282D","Sing",2.382207E-44,"---"
"&H2EA631","Sing",12,"---"
"&H2EE56D","Sing",16.5,"---"
"&H2EE5B9","Sing",18.5,"---"
"&H2EA68D","Sing",11,"---"
"&H2EE5B5","Sing",13,"---"
"&H2EE5C5","Sing",6.5,"---"
"&H2EA50D","Sing",.25,"---"
"&H2ED6C9","Sing",.75,"---"
"&H2EE599","Sing",2.5,"---"
"&H2EA455","Sing",0,"---"
"&H2ED741","Sing",-2,"---"
"&H2C28F","Sing",.4,"---"
"&H2C76F","Sing",.4,"---"
"&H2CC4F","Sing",.4,"---"
"&H2D12F","Sing",.4,"---"
"&H2D608","Sing",.4,"---"
"&H2DADA","Sing",.4,"---"
"&H2DFAF","Sing",.4,"---"
"&H2E48F","Sing",.4,"---"
"&H2E96F","Sing",.4,"---"
"&H2EE4F","Sing",.4,"---"
"&H2F328","Sing",.4,"---"
"&H2F7FA","Sing",.4,"---"
"&H2FCCF","Sing",.4,"---"
"&H301BF","Sing",.4,"---"
"&H3069F","Sing",.4,"---"
"&H30B78","Sing",.4,"---"
"&H3105A","Sing",.4,"---"
"&H3153F","Sing",.4,"---"
"&H31A1F","Sing",.4,"---"
"&H31EFF","Sing",.4,"---"
"&H323DD","Sing",.4,"---"
"&H328BD","Sing",.4,"---"
"&H2C299","Sing",.4,"---"
"&H2C779","Sing",.4,"---"
"&H2CC59","Sing",.5,"---"
"&H2D139","Sing",.35,"---"
"&H2D612","Sing",.35,"---"
"&H2DAE4","Sing",.35,"---"
"&H2DFB9","Sing",.4,"---"
"&H2E499","Sing",.4,"---"
"&H2E979","Sing",.5,"---"
"&H2EE59","Sing",.35,"---"
"&H2F332","Sing",.35,"---"
"&H2F804","Sing",.35,"---"
"&H2FCD9","Sing",.4,"---"
"&H301C9","Sing",.5,"---"
"&H306A9","Sing",.35,"---"
"&H30B82","Sing",.35,"---"
"&H31064","Sing",.35,"---"
"&H31549","Sing",.4,"---"
"&H31A29","Sing",.5,"---"
"&H31F09","Sing",.35,"---"
"&H323E7","Sing",.35,"---"
"&H328C7","Sing",.35,"---"
"&H2EA629","Sing",8,"---"
"&H2EE569","Sing",-.51,"---"
"&H2EE58D","Sing",-.45,"---"
"&H2EE595","Sing",-.72,"---"
"&H2EE59D","Sing",-.92,"---"
"&H2EE5A1","Sing",-.8,"---"
"&H2C2A3","Sing",0,"---"
"&H2C783","Sing",0,"---"
"&H2CC63","Sing",0,"---"
"&H2D143","Sing",0,"---"
"&H2D61C","Sing",0,"---"
"&H2DAEE","Sing",0,"---"
"&H2DFC3","Sing",0,"---"
"&H2E4A3","Sing",0,"---"
"&H2E983","Sing",0,"---"
"&H2EE63","Sing",0,"---"
"&H2F33C","Sing",0,"---"
"&H2F80E","Sing",0,"---"
"&H2FCE3","Sing",0,"---"
"&H301D3","Sing",0,"---"
"&H306B3","Sing",0,"---"
"&H30B8C","Sing",0,"---"
"&H3106E","Sing",0,"---"
"&H31553","Sing",0,"---"
"&H31A33","Sing",0,"---"
"&H31F13","Sing",0,"---"
"&H323F1","Sing",0,"---"
"&H328D1","Sing",0,"---"
"&H2C2BF","Sing",0,"---"
"&H2C79F","Sing",0,"---"
"&H2CC7F","Sing",0,"---"
"&H2D15F","Sing",0,"---"
"&H2D626","Sing",0,"---"
"&H2DB0A","Sing",0,"---"
"&H2DFDF","Sing",0,"---"
"&H2E4BF","Sing",0,"---"
"&H2E99F","Sing",0,"---"
"&H2EE7F","Sing",0,"---"
"&H2F346","Sing",0,"---"
"&H2F82A","Sing",0,"---"
"&H2FCFF","Sing",0,"---"
"&H301EF","Sing",0,"---"
"&H306CF","Sing",0,"---"
"&H30B96","Sing",0,"---"
"&H3108A","Sing",0,"---"
"&H3156F","Sing",0,"---"
"&H31A4F","Sing",0,"---"
"&H31F2F","Sing",0,"---"
"&H3240D","Sing",0,"---"
"&H328ED","Sing",0,"---"
"&H2C2C9","Sing",0,"---"
"&H2C7A9","Sing",0,"---"
"&H2CC89","Sing",0,"---"
"&H2D169","Sing",0,"---"
"&H2D642","Sing",0,"---"
"&H2DB14","Sing",0,"---"
"&H2DFE9","Sing",0,"---"
"&H2E4C9","Sing",0,"---"
"&H2E9A9","Sing",0,"---"
"&H2EE89","Sing",0,"---"
"&H2F362","Sing",0,"---"
"&H2F834","Sing",0,"---"
"&H2FD09","Sing",0,"---"
"&H301F9","Sing",0,"---"
"&H306D9","Sing",0,"---"
"&H30BB2","Sing",0,"---"
"&H31094","Sing",0,"---"
"&H31579","Sing",0,"---"
"&H31A59","Sing",0,"---"
"&H31F39","Sing",0,"---"
"&H32417","Sing",0,"---"
"&H328F7","Sing",0,"---"
"&H2EA515","Sing",5,"---"
"&H2C2D3","Sing",10000,"---"
"&H2C7B3","Sing",10000,"---"
"&H2CC93","Sing",21000,"---"
"&H2D173","Sing",14000,"---"
"&H2D64C","Sing",14000,"---"
"&H2DB1E","Sing",10000,"---"
"&H2DFF3","Sing",10000,"---"
"&H2E4D3","Sing",10000,"---"
"&H2E9B3","Sing",21000,"---"
"&H2EE93","Sing",14000,"---"
"&H2F36C","Sing",14000,"---"
"&H2F83E","Sing",10000,"---"
"&H2FD13","Sing",10000,"---"
"&H30203","Sing",21000,"---"
"&H306E3","Sing",14000,"---"
"&H30BBC","Sing",14000,"---"
"&H3109E","Sing",10000,"---"
"&H31583","Sing",14000,"---"
"&H31A63","Sing",16000,"---"
"&H31F43","Sing",11000,"---"
"&H32421","Sing",11000,"---"
"&H32901","Sing",8000,"---"
"&H2C2DD","Sing",1,"---"
"&H2C7BD","Sing",1,"---"
"&H2CC9D","Sing",1,"---"
"&H2D17D","Sing",1,"---"
"&H2D656","Sing",1,"---"
"&H2DB28","Sing",1,"---"
"&H2DFFD","Sing",1,"---"
"&H2E4DD","Sing",1,"---"
"&H2E9BD","Sing",1,"---"
"&H2EE9D","Sing",1,"---"
"&H2F376","Sing",1,"---"
"&H2F848","Sing",1,"---"
"&H2FD1D","Sing",1,"---"
"&H3020D","Sing",1,"---"
"&H306ED","Sing",1,"---"
"&H30BC6","Sing",1,"---"
"&H310A8","Sing",1,"---"
"&H3158D","Sing",1,"---"
"&H31A6D","Sing",1,"---"
"&H31F4D","Sing",1,"---"
"&H3242B","Sing",1,"---"
"&H3290B","Sing",1,"---"
"&H2CCAD","Sing",2.802597E-45,"---"
"&H2D18D","Sing",2.802597E-45,"---"
"&H2D660","Sing",2.802597E-45,"---"
"&H2DB38","Sing",2.802597E-45,"---"
"&H2E9CD","Sing",2.802597E-45,"---"
"&H2EEAD","Sing",2.802597E-45,"---"
"&H2F380","Sing",2.802597E-45,"---"
"&H2F858","Sing",2.802597E-45,"---"
"&H2FD2D","Sing",2.802597E-45,"---"
"&H3021D","Sing",2.802597E-45,"---"
"&H306FD","Sing",2.802597E-45,"---"
"&H30BD0","Sing",2.802597E-45,"---"
"&H310B8","Sing",2.802597E-45,"---"
"&H3159D","Sing",1.401298E-45,"---"
"&H31A7D","Sing",1.401298E-45,"---"
"&H31F5D","Sing",1.401298E-45,"---"
"&H3243B","Sing",1.401298E-45,"---"
"&H3291B","Sing",1.401298E-45,"---"
"&H2ECFC9","Sing",20,"---"
"&H2EE5B1","Sing",25,"---"
"&H2C2F2","Sing",.33,"---"
"&H2C7D2","Sing",.406081,"---"
"&H2CCB7","Sing",.521431,"---"
"&H2D197","Sing",.541431,"---"
"&H2D670","Sing",.541431,"---"
"&H2DB42","Sing",.791431,"---"
"&H2E012","Sing",.33,"---"
"&H2E4F2","Sing",.406081,"---"
"&H2E9D7","Sing",.521431,"---"
"&H2EEB7","Sing",.541431,"---"
"&H2F390","Sing",.541431,"---"
"&H2F862","Sing",.791431,"---"
"&H2FD37","Sing",.56,"---"
"&H30227","Sing",.57,"---"
"&H30707","Sing",.57,"---"
"&H30BE0","Sing",.57,"---"
"&H310C2","Sing",.82,"---"
"&H315A7","Sing",.5115,"---"
"&H31A87","Sing",.54,"---"
"&H31F67","Sing",.56,"---"
"&H32445","Sing",.56,"---"
"&H32925","Sing",.81,"---"
"&H2C2FC","Sing",-.22,"---"
"&H2C7DC","Sing",-.181044,"---"
"&H2CCC1","Sing",-.261369,"---"
"&H2D1A1","Sing",-.281369,"---"
"&H2D67A","Sing",-.281369,"---"
"&H2DB4C","Sing",-.271369,"---"
"&H2E01C","Sing",-.22,"---"
"&H2E4FC","Sing",-.181044,"---"
"&H2E9E1","Sing",-.251369,"---"
"&H2EEC1","Sing",-.271369,"---"
"&H2F39A","Sing",-.271369,"---"
"&H2F86C","Sing",-.261369,"---"
"&H2FD41","Sing",-.16,"---"
"&H30231","Sing",-.18,"---"
"&H30711","Sing",-.2,"---"
"&H30BEA","Sing",-.2,"---"
"&H310CC","Sing",-.19,"---"
"&H315B1","Sing",-.21,"---"
"&H31A91","Sing",-.23,"---"
"&H31F71","Sing",-.25,"---"
"&H3244F","Sing",-.25,"---"
"&H3292F","Sing",-.24,"---"
"&H2C306","Sing",-.024775,"---"
"&H2C7E6","Sing",-.057281,"---"
"&H2CCCB","Sing",-.018387,"---"
"&H2D1AB","Sing",-.018387,"---"
"&H2D684","Sing",-.018387,"---"
"&H2DB56","Sing",-.018387,"---"
"&H2E026","Sing",-.024775,"---"
"&H2E506","Sing",-.057281,"---"
"&H2E9EB","Sing",-.018387,"---"
"&H2EECB","Sing",-.018387,"---"
"&H2F3A4","Sing",-.018387,"---"
"&H2F876","Sing",-.018387,"---"
"&H2FD4B","Sing",-.057,"---"
"&H3023B","Sing",-.01,"---"
"&H3071B","Sing",-.01,"---"
"&H30BF4","Sing",-.01,"---"
"&H310D6","Sing",-.01,"---"
"&H315BB","Sing",.02,"---"
"&H31A9B","Sing",.02,"---"
"&H31F7B","Sing",.02,"---"
"&H32459","Sing",.02,"---"
"&H32939","Sing",.004,"---"
"&H2CCD5","Sing",0,"---"
"&H2D1B5","Sing",0,"---"
"&H2D68E","Sing",0,"---"
"&H2DB60","Sing",0,"---"
"&H2E9F5","Sing",0,"---"
"&H2EE565","Sing",-.003,"---"
"&H2EED5","Sing",0,"---"
"&H2F3AE","Sing",0,"---"
"&H2F880","Sing",0,"---"
"&H30331","Sing",0,"---"
"&H30811","Sing",0,"---"
"&H30BFE","Sing",0,"---"
"&H311CC","Sing",0,"---"
"&H31B96","Sing",0,"---"
"&H32076","Sing",0,"---"
"&H32554","Sing",0,"---"
"&H32A34","Sing",0,"---"
"&H2C402","Sing",.054,"---"
"&H2C8E2","Sing",.054,"---"
"&H2CCDF","Sing",.03,"---"
"&H2D1BF","Sing",.03,"---"
"&H2D698","Sing",.03,"---"
"&H2DB6A","Sing",.03,"---"
"&H2E122","Sing",.054,"---"
"&H2E602","Sing",.054,"---"
"&H2E9FF","Sing",.03,"---"
"&H2EEDF","Sing",.03,"---"
"&H2F3B8","Sing",.03,"---"
"&H2F88A","Sing",.03,"---"
"&H2FE41","Sing",.054,"---"
"&H3033B","Sing",.03,"---"
"&H3081B","Sing",.03,"---"
"&H30CF4","Sing",.03,"---"
"&H311D6","Sing",.03,"---"
"&H316B6","Sing",.03,"---"
"&H31BA0","Sing",.03,"---"
"&H32080","Sing",.03,"---"
"&H3255E","Sing",.03,"---"
"&H32A3E","Sing",.03,"---"
"&H2C40C","Sing",-.096,"---"
"&H2C8EC","Sing",-.096,"---"
"&H2CDC9","Sing",-.19,"---"
"&H2D2A9","Sing",-.19,"---"
"&H2D6A2","Sing",-.19,"---"
"&H2DC54","Sing",-.19,"---"
"&H2E12C","Sing",-.096,"---"
"&H2E60C","Sing",-.096,"---"
"&H2EAE9","Sing",-.19,"---"
"&H2EFC9","Sing",-.19,"---"
"&H2F3C2","Sing",-.19,"---"
"&H2F974","Sing",-.19,"---"
"&H2FE4B","Sing",-.096,"---"
"&H30345","Sing",-.19,"---"
"&H30825","Sing",-.19,"---"
"&H30CFE","Sing",-.19,"---"
"&H311E0","Sing",-.19,"---"
"&H316C0","Sing",-.05,"---"
"&H31BAA","Sing",-.06,"---"
"&H3208A","Sing",-.06,"---"
"&H32568","Sing",-.06,"---"
"&H32A48","Sing",-.06,"---"
"&H2C416","Sing",.03,"---"
"&H2C8F6","Sing",.03,"---"
"&H2CDD3","Sing",.08,"---"
"&H2D2B3","Sing",.08,"---"
"&H2D78C","Sing",.08,"---"
"&H2DC5E","Sing",.08,"---"
"&H2E136","Sing",.03,"---"
"&H2E616","Sing",.03,"---"
"&H2EAF3","Sing",.08,"---"
"&H2EFD3","Sing",.08,"---"
"&H2F4AC","Sing",.08,"---"
"&H2F97E","Sing",.08,"---"
"&H2FE55","Sing",.03,"---"
"&H3034F","Sing",.08,"---"
"&H3082F","Sing",.08,"---"
"&H30D08","Sing",.08,"---"
"&H311EA","Sing",.08,"---"
"&H316CA","Sing",.025,"---"
"&H31BB4","Sing",.025,"---"
"&H32094","Sing",.025,"---"
"&H32572","Sing",.025,"---"
"&H32A52","Sing",.025,"---"
"&H2C420","Sing",-.0017,"---"
"&H2C900","Sing",-.0017,"---"
"&H2CDDD","Sing",-.0017,"---"
"&H2D2BD","Sing",-.0017,"---"
"&H2D796","Sing",-.0017,"---"
"&H2DC68","Sing",-.0017,"---"
"&H2E140","Sing",-.0017,"---"
"&H2E620","Sing",-.0017,"---"
"&H2EAFD","Sing",-.0017,"---"
"&H2EFDD","Sing",-.0017,"---"
"&H2F4B6","Sing",-.0017,"---"
"&H2F988","Sing",-.0017,"---"
"&H2FE5F","Sing",-.0024,"---"
"&H30359","Sing",-.0022,"---"
"&H30839","Sing",-.0022,"---"
"&H30D12","Sing",-.0022,"---"
"&H311F4","Sing",-.0022,"---"
"&H316D4","Sing",-.0015,"---"
"&H31BBE","Sing",-.0015,"---"
"&H3209E","Sing",-.0015,"---"
"&H3257C","Sing",-.0015,"---"
"&H32A5C","Sing",-.0015,"---"
"&H2C42A","Sing",-.01,"---"
"&H2C90A","Sing",-.01,"---"
"&H2CDE7","Sing",-.01,"---"
"&H2D2C7","Sing",-.01,"---"
"&H2D7A0","Sing",-.01,"---"
"&H2DC72","Sing",-.01,"---"
"&H2E14A","Sing",-.01,"---"
"&H2E62A","Sing",-.01,"---"
"&H2EB07","Sing",-.01,"---"
"&H2EFE7","Sing",-.01,"---"
"&H2F4C0","Sing",-.01,"---"
"&H2F992","Sing",-.01,"---"
"&H2FE69","Sing",-.011,"---"
"&H30363","Sing",-.01,"---"
"&H30843","Sing",-.01,"---"
"&H30D1C","Sing",-.01,"---"
"&H311FE","Sing",-.01,"---"
"&H316DE","Sing",-.005,"---"
"&H31BCE","Sing",-.005,"---"
"&H320AE","Sing",-.005,"---"
"&H3258C","Sing",-.005,"---"
"&H32A6C","Sing",-.005,"---"
"&H2C434","Sing",-.004,"---"
"&H2C914","Sing",-.004,"---"
"&H2CDF1","Sing",-.004,"---"
"&H2D2D1","Sing",-.004,"---"
"&H2D7AA","Sing",-.004,"---"
"&H2DC7C","Sing",-.004,"---"
"&H2E154","Sing",-.004,"---"
"&H2E634","Sing",-.004,"---"
"&H2EB11","Sing",-.004,"---"
"&H2EFF1","Sing",-.004,"---"
"&H2F4CA","Sing",-.004,"---"
"&H2F99C","Sing",-.004,"---"
"&H2FE73","Sing",-.005,"---"
"&H30373","Sing",-.004,"---"
"&H30853","Sing",-.004,"---"
"&H30D26","Sing",-.004,"---"
"&H3120E","Sing",-.004,"---"
"&H316FA","Sing",-.003,"---"
"&H31BD8","Sing",-.003,"---"
"&H320B8","Sing",-.003,"---"
"&H32596","Sing",-.003,"---"
"&H32A76","Sing",-.003,"---"
"&H2C444","Sing",1,"---"
"&H2C924","Sing",1,"---"
"&H2CDFB","Sing",1,"---"
"&H2D2DB","Sing",1,"---"
"&H2D7B4","Sing",1,"---"
"&H2DC86","Sing",1,"---"
"&H2E164","Sing",1,"---"
"&H2E644","Sing",1,"---"
"&H2EB1B","Sing",1,"---"
"&H2EFFB","Sing",1,"---"
"&H2F4D4","Sing",1,"---"
"&H2F9A6","Sing",1,"---"
"&H2FE8F","Sing",1.35,"---"
"&H3037D","Sing",1.35,"---"
"&H3085D","Sing",1.35,"---"
"&H30D36","Sing",1.35,"---"
"&H31218","Sing",1.35,"---"
"&H31704","Sing",.9,"---"
"&H31BE2","Sing",.9,"---"
"&H320C2","Sing",.9,"---"
"&H325A0","Sing",.9,"---"
"&H32A80","Sing",.9,"---"
"&H2C44E","Sing",1,"---"
"&H2C92E","Sing",1,"---"
"&H2D7BE","Sing",1,"---"
"&H2DC96","Sing",1,"---"
"&H2E16E","Sing",1,"---"
"&H2E64E","Sing",1,"---"
"&H2EB2B","Sing",1,"---"
"&H2F00B","Sing",1,"---"
"&H2F4DE","Sing",1,"---"
"&H2F9B6","Sing",1,"---"
"&H2FE99","Sing",1.15,"---"
"&H30387","Sing",1.15,"---"
"&H30867","Sing",1.15,"---"
"&H30D40","Sing",1.15,"---"
"&H31222","Sing",1.15,"---"
"&H3170E","Sing",.9,"---"
"&H31BEC","Sing",.9,"---"
"&H320CC","Sing",.9,"---"
"&H325AA","Sing",.9,"---"
"&H32A8A","Sing",.9,"---"
"&H2C458","Sing",7.666666E-02,"---"
"&H2C938","Sing",7.666666E-02,"---"
"&H2CE15","Sing",8.333333E-02,"---"
"&H2D2F5","Sing",9.333333E-02,"---"
"&H2D7CE","Sing",9.333333E-02,"---"
"&H2DCA0","Sing",9.333333E-02,"---"
"&H2E178","Sing",7.666666E-02,"---"
"&H2E658","Sing",7.666666E-02,"---"
"&H2EB35","Sing",8.333333E-02,"---"
"&H2F015","Sing",9.333333E-02,"---"
"&H2F4EE","Sing",9.333333E-02,"---"
"&H2F9C0","Sing",9.333333E-02,"---"
"&H2FEA3","Sing",7.666666E-02,"---"
"&H30391","Sing",8.333333E-02,"---"
"&H30871","Sing",9.333333E-02,"---"
"&H30D4A","Sing",9.333333E-02,"---"
"&H3122C","Sing",9.333333E-02,"---"
"&H31718","Sing",7.666666E-02,"---"
"&H31BF6","Sing",8.333333E-02,"---"
"&H320D6","Sing",9.333333E-02,"---"
"&H325B4","Sing",9.333333E-02,"---"
"&H32A94","Sing",9.333333E-02,"---"
"&H2C462","Sing",-.036,"---"
"&H2C942","Sing",-.036,"---"
"&H2CE1F","Sing",-.044,"---"
"&H2D2FF","Sing",-.056,"---"
"&H2D7D8","Sing",-.056,"---"
"&H2DCAA","Sing",-.044,"---"
"&H2E182","Sing",-.036,"---"
"&H2E662","Sing",-.036,"---"
"&H2EB3F","Sing",-.044,"---"
"&H2F01F","Sing",-.056,"---"
"&H2F4F8","Sing",-.056,"---"
"&H2F9CA","Sing",-.044,"---"
"&H2FEAD","Sing",-.036,"---"
"&H3039B","Sing",-.044,"---"
"&H3087B","Sing",-.056,"---"
"&H30D54","Sing",-.056,"---"
"&H31236","Sing",-.044,"---"
"&H31722","Sing",-.036,"---"
"&H31C00","Sing",-.044,"---"
"&H320E0","Sing",-.056,"---"
"&H325BE","Sing",-.056,"---"
"&H32A9E","Sing",-.044,"---"
"&H2C46C","Sing",.05,"---"
"&H2C94C","Sing",.065,"---"
"&H2CE29","Sing",.055,"---"
"&H2D309","Sing",.07,"---"
"&H2D7E2","Sing",.07,"---"
"&H2DCB4","Sing",.055,"---"
"&H2E18C","Sing",.05,"---"
"&H2E66C","Sing",.06,"---"
"&H2EB49","Sing",.055,"---"
"&H2F029","Sing",.07,"---"
"&H2F502","Sing",.07,"---"
"&H2F9D4","Sing",.055,"---"
"&H2FEB7","Sing",.05,"---"
"&H303A5","Sing",.055,"---"
"&H30885","Sing",.07,"---"
"&H30D5E","Sing",.07,"---"
"&H31240","Sing",.055,"---"
"&H3172C","Sing",.05,"---"
"&H31C0A","Sing",.055,"---"
"&H320EA","Sing",.07,"---"
"&H325C8","Sing",.07,"---"
"&H32AA8","Sing",.055,"---"
"&H2C476","Sing",.125,"---"
"&H2C956","Sing",.125,"---"
"&H2CE33","Sing",.125,"---"
"&H2D313","Sing",.125,"---"
"&H2D7EC","Sing",.125,"---"
"&H2DCBE","Sing",.125,"---"
"&H2E196","Sing",.125,"---"
"&H2E676","Sing",.125,"---"
"&H2EB53","Sing",.125,"---"
"&H2F033","Sing",.125,"---"
"&H2F50C","Sing",.125,"---"
"&H2F9DE","Sing",.125,"---"
"&H2FEC1","Sing",.125,"---"
"&H303AF","Sing",.125,"---"
"&H3088F","Sing",.125,"---"
"&H30D68","Sing",.125,"---"
"&H3124A","Sing",.125,"---"
"&H3173C","Sing",.1,"---"
"&H31C14","Sing",.1,"---"
"&H320F4","Sing",.1,"---"
"&H325D2","Sing",.1,"---"
"&H32AB2","Sing",.1,"---"
"&H2C480","Sing",.1,"---"
"&H2C960","Sing",.1,"---"
"&H2CE3D","Sing",.0675,"---"
"&H2D31D","Sing",.0675,"---"
"&H2D7F6","Sing",.1,"---"
"&H2DCC8","Sing",.0675,"---"
"&H2E1A0","Sing",.1,"---"
"&H2E680","Sing",.1,"---"
"&H2EB5D","Sing",.0675,"---"
"&H2F03D","Sing",.0675,"---"
"&H2F516","Sing",.1,"---"
"&H2F9E8","Sing",.0675,"---"
"&H2FED1","Sing",.1,"---"
"&H303B9","Sing",.0675,"---"
"&H30899","Sing",.0675,"---"
"&H30D72","Sing",.1,"---"
"&H31254","Sing",.0675,"---"
"&H31746","Sing",.075,"---"
"&H31C1E","Sing",.075,"---"
"&H320FE","Sing",.075,"---"
"&H325DC","Sing",.075,"---"
"&H32ABC","Sing",.075,"---"
"&H2C570","Sing",0,"---"
"&H2CA50","Sing",0,"---"
"&H2CF2D","Sing",0,"---"
"&H2D40D","Sing",0,"---"
"&H2D8E6","Sing",0,"---"
"&H2DDB8","Sing",0,"---"
"&H2E290","Sing",0,"---"
"&H2E770","Sing",0,"---"
"&H2EC4D","Sing",0,"---"
"&H2F12D","Sing",0,"---"
"&H2F606","Sing",0,"---"
"&H2FAD8","Sing",0,"---"
"&H2FFC1","Sing",0,"---"
"&H304A9","Sing",0,"---"
"&H30989","Sing",0,"---"
"&H30E62","Sing",0,"---"
"&H31344","Sing",0,"---"
"&H31827","Sing",0,"---"
"&H31CFF","Sing",0,"---"
"&H321DF","Sing",0,"---"
"&H326BD","Sing",0,"---"
"&H32B9D","Sing",0,"---"
"&H2C57A","Sing",10000,"---"
"&H2CA5A","Sing",10000,"---"
"&H2CF37","Sing",10000,"---"
"&H2D417","Sing",10000,"---"
"&H2D8F0","Sing",10000,"---"
"&H2DDC2","Sing",10000,"---"
"&H2E29A","Sing",10000,"---"
"&H2E77A","Sing",10000,"---"
"&H2EC57","Sing",10000,"---"
"&H2F137","Sing",10000,"---"
"&H2F610","Sing",10000,"---"
"&H2FAE2","Sing",10000,"---"
"&H2FFCB","Sing",10000,"---"
"&H304B3","Sing",10000,"---"
"&H30993","Sing",10000,"---"
"&H30E6C","Sing",10000,"---"
"&H3134E","Sing",10000,"---"
"&H31831","Sing",10000,"---"
"&H31D09","Sing",10000,"---"
"&H321E9","Sing",10000,"---"
"&H326C7","Sing",10000,"---"
"&H32BA7","Sing",10000,"---"
"&H2C584","Sing",-116,"---"
"&H2CA64","Sing",-116,"---"
"&H2CF41","Sing",-116,"---"
"&H2D421","Sing",-116,"---"
"&H2D8FA","Sing",-116,"---"
"&H2DDCC","Sing",-116,"---"
"&H2E2A4","Sing",-116,"---"
"&H2E784","Sing",-116,"---"
"&H2EC61","Sing",-116,"---"
"&H2F141","Sing",-116,"---"
"&H2F61A","Sing",-116,"---"
"&H2FAEC","Sing",-116,"---"
"&H2FFD5","Sing",-116,"---"
"&H304BD","Sing",-116,"---"
"&H3099D","Sing",-116,"---"
"&H30E76","Sing",-116,"---"
"&H31358","Sing",-116,"---"
"&H3183B","Sing",-116,"---"
"&H31D13","Sing",-116,"---"
"&H321F3","Sing",-116,"---"
"&H326D1","Sing",-116,"---"
"&H32BB1","Sing",-116,"---"
"&H2C58E","Sing",141,"---"
"&H2CA6E","Sing",141,"---"
"&H2CF4B","Sing",141,"---"
"&H2D904","Sing",141,"---"
"&H2DDD6","Sing",141,"---"
"&H2E2AE","Sing",141,"---"
"&H2E78E","Sing",141,"---"
"&H2F624","Sing",141,"---"
"&H2FAF6","Sing",141,"---"
"&H2FFDF","Sing",141,"---"
"&H304C7","Sing",141,"---"
"&H309A7","Sing",141,"---"
"&H30E80","Sing",141,"---"
"&H31362","Sing",141,"---"
"&H31845","Sing",141,"---"
"&H31D1D","Sing",141,"---"
"&H321FD","Sing",141,"---"
"&H326DB","Sing",141,"---"
"&H32BBB","Sing",141,"---"
"&H2C598","Sing",0,"---"
"&H2CA78","Sing",0,"---"
"&H2CF55","Sing",0,"---"
"&H2D435","Sing",0,"---"
"&H2D90E","Sing",0,"---"
"&H2DDE0","Sing",0,"---"
"&H2E2B8","Sing",0,"---"
"&H2E798","Sing",0,"---"
"&H2EC75","Sing",0,"---"
"&H2F155","Sing",0,"---"
"&H2F62E","Sing",0,"---"
"&H2FB00","Sing",0,"---"
"&H2FFE9","Sing",0,"---"
"&H304D1","Sing",0,"---"
"&H309B1","Sing",0,"---"
"&H30E8A","Sing",0,"---"
"&H3136C","Sing",0,"---"
"&H3184F","Sing",0,"---"
"&H31D27","Sing",0,"---"
"&H32207","Sing",0,"---"
"&H326E5","Sing",0,"---"
"&H32BC5","Sing",0,"---"
"&H2C5A2","Sing",10000,"---"
"&H2CA82","Sing",10000,"---"
"&H2CF5F","Sing",10000,"---"
"&H2D43F","Sing",10000,"---"
"&H2D918","Sing",10000,"---"
"&H2DDEA","Sing",10000,"---"
"&H2E2C2","Sing",10000,"---"
"&H2E7A2","Sing",10000,"---"
"&H2EC7F","Sing",10000,"---"
"&H2F15F","Sing",10000,"---"
"&H2F638","Sing",10000,"---"
"&H2FB0A","Sing",10000,"---"
"&H2FFF3","Sing",10000,"---"
"&H304DB","Sing",10000,"---"
"&H309BB","Sing",10000,"---"
"&H30E94","Sing",10000,"---"
"&H31376","Sing",10000,"---"
"&H31859","Sing",10000,"---"
"&H31D31","Sing",10000,"---"
"&H32211","Sing",10000,"---"
"&H326EF","Sing",10000,"---"
"&H32BCF","Sing",10000,"---"
"&H2C5AC","Sing",-116,"---"
"&H2CA8C","Sing",-116,"---"
"&H2CF69","Sing",-116,"---"
"&H2D449","Sing",-116,"---"
"&H2D922","Sing",-116,"---"
"&H2DDF4","Sing",-116,"---"
"&H2E2CC","Sing",-116,"---"
"&H2E7AC","Sing",-116,"---"
"&H2EC89","Sing",-116,"---"
"&H2F169","Sing",-116,"---"
"&H2F642","Sing",-116,"---"
"&H2FB14","Sing",-116,"---"
"&H2FFFD","Sing",-116,"---"
"&H304E5","Sing",-116,"---"
"&H309C5","Sing",-116,"---"
"&H30E9E","Sing",-116,"---"
"&H31380","Sing",-116,"---"
"&H31863","Sing",-116,"---"
"&H31D3B","Sing",-116,"---"
"&H3221B","Sing",-116,"---"
"&H326F9","Sing",-116,"---"
"&H32BD9","Sing",-116,"---"
"&H2C5B6","Sing",141,"---"
"&H2CA96","Sing",141,"---"
"&H2CF73","Sing",141,"---"
"&H2D453","Sing",141,"---"
"&H2D92C","Sing",141,"---"
"&H2DDFE","Sing",141,"---"
"&H2E2D6","Sing",141,"---"
"&H2E7B6","Sing",141,"---"
"&H2EC93","Sing",141,"---"
"&H2F173","Sing",141,"---"
"&H2F64C","Sing",141,"---"
"&H2FB1E","Sing",141,"---"
"&H30007","Sing",141,"---"
"&H304EF","Sing",141,"---"
"&H309CF","Sing",141,"---"
"&H30EA8","Sing",141,"---"
"&H3138A","Sing",141,"---"
"&H3186D","Sing",141,"---"
"&H31D45","Sing",141,"---"
"&H32225","Sing",141,"---"
"&H32703","Sing",141,"---"
"&H32BE3","Sing",141,"---"
"&H2C5C0","Sing",0,"---"
"&H2CAA0","Sing",0,"---"
"&H2CF7D","Sing",0,"---"
"&H2D45D","Sing",0,"---"
"&H2D936","Sing",0,"---"
"&H2DE08","Sing",0,"---"
"&H2E2E0","Sing",0,"---"
"&H2E7C0","Sing",0,"---"
"&H2EC9D","Sing",0,"---"
"&H2F17D","Sing",0,"---"
"&H2F656","Sing",0,"---"
"&H2FB28","Sing",0,"---"
"&H30011","Sing",0,"---"
"&H304F9","Sing",0,"---"
"&H309D9","Sing",0,"---"
"&H30EB2","Sing",0,"---"
"&H31394","Sing",0,"---"
"&H31877","Sing",0,"---"
"&H31D4F","Sing",0,"---"
"&H3222F","Sing",0,"---"
"&H3270D","Sing",0,"---"
"&H32BED","Sing",0,"---"
"&H2C5CA","Sing",1.08,"---"
"&H2CAAA","Sing",1.08,"---"
"&H2CF87","Sing",1.08,"---"
"&H2D467","Sing",1.08,"---"
"&H2D940","Sing",1.08,"---"
"&H2DE12","Sing",1.08,"---"
"&H2E2EA","Sing",1.08,"---"
"&H2E7CA","Sing",1.08,"---"
"&H2ECA7","Sing",1.08,"---"
"&H2F187","Sing",1.08,"---"
"&H2F660","Sing",1.08,"---"
"&H2FB32","Sing",1.08,"---"
"&H3001B","Sing",1.08,"---"
"&H30503","Sing",1.08,"---"
"&H309E3","Sing",1.08,"---"
"&H30EBC","Sing",1.08,"---"
"&H3139E","Sing",1.08,"---"
"&H31881","Sing",1.08,"---"
"&H31D59","Sing",1.08,"---"
"&H32239","Sing",1.08,"---"
"&H32717","Sing",1.08,"---"
"&H32BF7","Sing",1.08,"---"
"&H2C5D4","Sing",-40,"---"
"&H2CAB4","Sing",-40,"---"
"&H2CF91","Sing",-40,"---"
"&H2D471","Sing",-40,"---"
"&H2D94A","Sing",-40,"---"
"&H2DE1C","Sing",-40,"---"
"&H2E2F4","Sing",-40,"---"
"&H2E7D4","Sing",-40,"---"
"&H2ECB1","Sing",-40,"---"
"&H2F191","Sing",-40,"---"
"&H2F66A","Sing",-40,"---"
"&H2FB3C","Sing",-40,"---"
"&H30025","Sing",-40,"---"
"&H3050D","Sing",-40,"---"
"&H309ED","Sing",-40,"---"
"&H30EC6","Sing",-40,"---"
"&H313A8","Sing",-40,"---"
"&H3188B","Sing",-40,"---"
"&H31D63","Sing",-40,"---"
"&H32243","Sing",-40,"---"
"&H32721","Sing",-40,"---"
"&H32C01","Sing",-40,"---"
"&H2C5DE","Sing",220,"---"
"&H2CABE","Sing",220,"---"
"&H2CF9B","Sing",220,"---"
"&H2D47B","Sing",220,"---"
"&H2D954","Sing",220,"---"
"&H2DE26","Sing",220,"---"
"&H2E2FE","Sing",220,"---"
"&H2E7DE","Sing",220,"---"
"&H2ECBB","Sing",220,"---"
"&H2F19B","Sing",220,"---"
"&H2F674","Sing",220,"---"
"&H2FB46","Sing",220,"---"
"&H3002F","Sing",220,"---"
"&H30517","Sing",220,"---"
"&H309F7","Sing",220,"---"
"&H30ED0","Sing",220,"---"
"&H313B2","Sing",220,"---"
"&H31895","Sing",220,"---"
"&H31D6D","Sing",220,"---"
"&H3224D","Sing",220,"---"
"&H3272B","Sing",220,"---"
"&H32C0B","Sing",220,"---"
"&H2C5E8","Sing",60,"---"
"&H2CAC8","Sing",60,"---"
"&H2CFA5","Sing",60,"---"
"&H2D485","Sing",60,"---"
"&H2D95E","Sing",60,"---"
"&H2DE30","Sing",60,"---"
"&H2E308","Sing",60,"---"
"&H2E7E8","Sing",60,"---"
"&H2ECC5","Sing",60,"---"
"&H2F1A5","Sing",60,"---"
"&H2F67E","Sing",60,"---"
"&H2FB50","Sing",60,"---"
"&H30039","Sing",60,"---"
"&H30521","Sing",60,"---"
"&H30A01","Sing",60,"---"
"&H30EDA","Sing",60,"---"
"&H313BC","Sing",60,"---"
"&H3189F","Sing",60,"---"
"&H31D77","Sing",60,"---"
"&H32257","Sing",60,"---"
"&H32735","Sing",60,"---"
"&H32C15","Sing",60,"---"
"&H2C5F2","Sing",127,"---"
"&H2CAD2","Sing",127,"---"
"&H2CFAF","Sing",127,"---"
"&H2D48F","Sing",127,"---"
"&H2D968","Sing",127,"---"
"&H2DE3A","Sing",127,"---"
"&H2E312","Sing",127,"---"
"&H2E7F2","Sing",127,"---"
"&H2ECCF","Sing",127,"---"
"&H2F1AF","Sing",127,"---"
"&H2F688","Sing",127,"---"
"&H2FB5A","Sing",127,"---"
"&H30043","Sing",127,"---"
"&H3052B","Sing",127,"---"
"&H30A0B","Sing",127,"---"
"&H30EE4","Sing",127,"---"
"&H313C6","Sing",127,"---"
"&H318A9","Sing",127,"---"
"&H31D81","Sing",127,"---"
"&H32261","Sing",127,"---"
"&H3273F","Sing",127,"---"
"&H32C1F","Sing",127,"---"
"&H2C5FC","Sing",-40,"---"
"&H2CADC","Sing",-40,"---"
"&H2CFB9","Sing",-40,"---"
"&H2D499","Sing",-40,"---"
"&H2D972","Sing",-40,"---"
"&H2DE44","Sing",-40,"---"
"&H2E31C","Sing",-40,"---"
"&H2E7FC","Sing",-40,"---"
"&H2ECD9","Sing",-40,"---"
"&H2F1B9","Sing",-40,"---"
"&H2F692","Sing",-40,"---"
"&H2FB64","Sing",-40,"---"
"&H3004D","Sing",-40,"---"
"&H30535","Sing",-40,"---"
"&H30A15","Sing",-40,"---"
"&H30EEE","Sing",-40,"---"
"&H313D0","Sing",-40,"---"
"&H318B3","Sing",-40,"---"
"&H31D8B","Sing",-40,"---"
"&H3226B","Sing",-40,"---"
"&H32749","Sing",-40,"---"
"&H32C29","Sing",-40,"---"
"&H2C606","Sing",220,"---"
"&H2CAE6","Sing",220,"---"
"&H2CFC3","Sing",220,"---"
"&H2D4A3","Sing",220,"---"
"&H2D97C","Sing",220,"---"
"&H2DE4E","Sing",220,"---"
"&H2E326","Sing",220,"---"
"&H2E806","Sing",220,"---"
"&H2ECE3","Sing",220,"---"
"&H2F1C3","Sing",220,"---"
"&H2F69C","Sing",220,"---"
"&H2FB6E","Sing",220,"---"
"&H30057","Sing",220,"---"
"&H3053F","Sing",220,"---"
"&H30A1F","Sing",220,"---"
"&H30EF8","Sing",220,"---"
"&H313DA","Sing",220,"---"
"&H318BD","Sing",220,"---"
"&H31D95","Sing",220,"---"
"&H32275","Sing",220,"---"
"&H32753","Sing",220,"---"
"&H32C33","Sing",220,"---"
"&H2C610","Sing",60,"---"
"&H2CAF0","Sing",60,"---"
"&H2CFCD","Sing",60,"---"
"&H2D4AD","Sing",60,"---"
"&H2D986","Sing",60,"---"
"&H2DE58","Sing",60,"---"
"&H2E330","Sing",60,"---"
"&H2E810","Sing",60,"---"
"&H2ECED","Sing",60,"---"
"&H2F1CD","Sing",60,"---"
"&H2F6A6","Sing",60,"---"
"&H2FB78","Sing",60,"---"
"&H30061","Sing",60,"---"
"&H30549","Sing",60,"---"
"&H30A29","Sing",60,"---"
"&H30F02","Sing",60,"---"
"&H313E4","Sing",60,"---"
"&H318C7","Sing",60,"---"
"&H31D9F","Sing",60,"---"
"&H3227F","Sing",60,"---"
"&H3275D","Sing",60,"---"
"&H32C3D","Sing",60,"---"
"&H2C61A","Sing",127,"---"
"&H2CAFA","Sing",127,"---"
"&H2CFD7","Sing",127,"---"
"&H2D4B7","Sing",127,"---"
"&H2D990","Sing",127,"---"
"&H2DE62","Sing",127,"---"
"&H2E33A","Sing",127,"---"
"&H2E81A","Sing",127,"---"
"&H2ECF7","Sing",127,"---"
"&H2F1D7","Sing",127,"---"
"&H2F6B0","Sing",127,"---"
"&H2FB82","Sing",127,"---"
"&H3006B","Sing",127,"---"
"&H30553","Sing",127,"---"
"&H30A33","Sing",127,"---"
"&H30F0C","Sing",127,"---"
"&H313EE","Sing",127,"---"
"&H318D1","Sing",127,"---"
"&H31DA9","Sing",127,"---"
"&H32289","Sing",127,"---"
"&H32767","Sing",127,"---"
"&H32C47","Sing",127,"---"
"&H2C624","Sing",-40,"---"
"&H2CB04","Sing",-40,"---"
"&H2CFE1","Sing",-40,"---"
"&H2D4C1","Sing",-40,"---"
"&H2D99A","Sing",-40,"---"
"&H2DE6C","Sing",-40,"---"
"&H2E344","Sing",-40,"---"
"&H2E824","Sing",-40,"---"
"&H2ED01","Sing",-40,"---"
"&H2F1E1","Sing",-40,"---"
"&H2F6BA","Sing",-40,"---"
"&H2FB8C","Sing",-40,"---"
"&H30075","Sing",-40,"---"
"&H3055D","Sing",-40,"---"
"&H30A3D","Sing",-40,"---"
"&H30F16","Sing",-40,"---"
"&H313F8","Sing",-40,"---"
"&H318DB","Sing",-40,"---"
"&H31DB3","Sing",-40,"---"
"&H32293","Sing",-40,"---"
"&H32771","Sing",-40,"---"
"&H32C51","Sing",-40,"---"
"&H2C62E","Sing",220,"---"
"&H2CB0E","Sing",220,"---"
"&H2CFEB","Sing",220,"---"
"&H2D4CB","Sing",220,"---"
"&H2D9A4","Sing",220,"---"
"&H2DE76","Sing",220,"---"
"&H2E34E","Sing",220,"---"
"&H2E82E","Sing",220,"---"
"&H2ED0B","Sing",220,"---"
"&H2F6C4","Sing",220,"---"
"&H2FB96","Sing",220,"---"
"&H3007F","Sing",220,"---"
"&H30567","Sing",220,"---"
"&H30A47","Sing",220,"---"
"&H30F20","Sing",220,"---"
"&H31402","Sing",220,"---"
"&H318E5","Sing",220,"---"
"&H31DBD","Sing",220,"---"
"&H3229D","Sing",220,"---"
"&H3277B","Sing",220,"---"
"&H32C5B","Sing",220,"---"
"&H2C638","Sing",.5,"---"
"&H2CB18","Sing",.5,"---"
"&H2CFF5","Sing",.5,"---"
"&H2D4D5","Sing",.5,"---"
"&H2D9AE","Sing",.5,"---"
"&H2DE80","Sing",.5,"---"
"&H2E358","Sing",.5,"---"
"&H2E838","Sing",.5,"---"
"&H2ED15","Sing",.5,"---"
"&H2F1F5","Sing",.5,"---"
"&H2F6CE","Sing",.5,"---"
"&H2FBA0","Sing",.5,"---"
"&H30089","Sing",.5,"---"
"&H30571","Sing",.5,"---"
"&H30A51","Sing",.5,"---"
"&H30F2A","Sing",.5,"---"
"&H3140C","Sing",.5,"---"
"&H318EF","Sing",.5,"---"
"&H31DC7","Sing",.5,"---"
"&H322A7","Sing",.5,"---"
"&H32785","Sing",.5,"---"
"&H32C65","Sing",.5,"---"
"&H2C642","Sing",6.5,"---"
"&H2CB22","Sing",6.5,"---"
"&H2CFFF","Sing",6.5,"---"
"&H2D4DF","Sing",6.5,"---"
"&H2D9B8","Sing",6.5,"---"
"&H2DE8A","Sing",6.5,"---"
"&H2E362","Sing",6.5,"---"
"&H2E842","Sing",6.5,"---"
"&H2ED1F","Sing",6.5,"---"
"&H2F1FF","Sing",6.5,"---"
"&H2F6D8","Sing",6.5,"---"
"&H2FBAA","Sing",6.5,"---"
"&H30093","Sing",6.5,"---"
"&H3057B","Sing",6.5,"---"
"&H30A5B","Sing",6.5,"---"
"&H30F34","Sing",6.5,"---"
"&H31416","Sing",6.5,"---"
"&H318F9","Sing",6.5,"---"
"&H31DD1","Sing",6.5,"---"
"&H322B1","Sing",6.5,"---"
"&H3278F","Sing",6.5,"---"
"&H32C6F","Sing",6.5,"---"
"&H2C64C","Sing",-40,"---"
"&H2CB2C","Sing",-40,"---"
"&H2D009","Sing",-40,"---"
"&H2D4E9","Sing",-40,"---"
"&H2D9C2","Sing",-40,"---"
"&H2DE94","Sing",-40,"---"
"&H2E36C","Sing",-40,"---"
"&H2E84C","Sing",-40,"---"
"&H2ED29","Sing",-40,"---"
"&H2F209","Sing",-40,"---"
"&H2F6E2","Sing",-40,"---"
"&H2FBB4","Sing",-40,"---"
"&H3009D","Sing",-40,"---"
"&H30585","Sing",-40,"---"
"&H30A65","Sing",-40,"---"
"&H30F3E","Sing",-40,"---"
"&H31420","Sing",-40,"---"
"&H31903","Sing",-40,"---"
"&H31DDB","Sing",-40,"---"
"&H322BB","Sing",-40,"---"
"&H32799","Sing",-40,"---"
"&H32C79","Sing",-40,"---"
"&H2C656","Sing",220,"---"
"&H2CB36","Sing",220,"---"
"&H2D013","Sing",220,"---"
"&H2D4F3","Sing",220,"---"
"&H2D9CC","Sing",220,"---"
"&H2DE9E","Sing",220,"---"
"&H2E376","Sing",220,"---"
"&H2E856","Sing",220,"---"
"&H2ED33","Sing",220,"---"
"&H2F213","Sing",220,"---"
"&H2F6EC","Sing",220,"---"
"&H2FBBE","Sing",220,"---"
"&H300A7","Sing",220,"---"
"&H3058F","Sing",220,"---"
"&H30A6F","Sing",220,"---"
"&H30F48","Sing",220,"---"
"&H3142A","Sing",220,"---"
"&H3190D","Sing",220,"---"
"&H31DE5","Sing",220,"---"
"&H322C5","Sing",220,"---"
"&H327A3","Sing",220,"---"
"&H32C83","Sing",220,"---"
"&H2C660","Sing",0,"---"
"&H2CB40","Sing",0,"---"
"&H2D01D","Sing",0,"---"
"&H2D4FD","Sing",0,"---"
"&H2D9D6","Sing",0,"---"
"&H2DEA8","Sing",0,"---"
"&H2E380","Sing",0,"---"
"&H2E860","Sing",0,"---"
"&H2ED3D","Sing",0,"---"
"&H2F21D","Sing",0,"---"
"&H2F6F6","Sing",0,"---"
"&H2FBC8","Sing",0,"---"
"&H300B1","Sing",0,"---"
"&H30599","Sing",0,"---"
"&H30A79","Sing",0,"---"
"&H30F52","Sing",0,"---"
"&H31434","Sing",0,"---"
"&H31917","Sing",0,"---"
"&H31DEF","Sing",0,"---"
"&H322CF","Sing",0,"---"
"&H327AD","Sing",0,"---"
"&H32C8D","Sing",0,"---"
"&H2C66A","Sing",27,"---"
"&H2CB4A","Sing",27,"---"
"&H2D027","Sing",27,"---"
"&H2D507","Sing",27,"---"
"&H2D9E0","Sing",27,"---"
"&H2DEB2","Sing",27,"---"
"&H2E38A","Sing",27,"---"
"&H2E86A","Sing",27,"---"
"&H2ED47","Sing",27,"---"
"&H2F227","Sing",27,"---"
"&H2F700","Sing",27,"---"
"&H2FBD2","Sing",27,"---"
"&H300BB","Sing",27,"---"
"&H305A3","Sing",27,"---"
"&H30A83","Sing",27,"---"
"&H30F5C","Sing",27,"---"
"&H3143E","Sing",27,"---"
"&H31921","Sing",27,"---"
"&H31DF9","Sing",27,"---"
"&H322D9","Sing",27,"---"
"&H327B7","Sing",27,"---"
"&H32C97","Sing",27,"---"
"&H2C674","Sing",-40,"---"
"&H2CB54","Sing",-40,"---"
"&H2D031","Sing",-40,"---"
"&H2D511","Sing",-40,"---"
"&H2D9EA","Sing",-40,"---"
"&H2DEBC","Sing",-40,"---"
"&H2E394","Sing",-40,"---"
"&H2E874","Sing",-40,"---"
"&H2ED51","Sing",-40,"---"
"&H2F231","Sing",-40,"---"
"&H2F70A","Sing",-40,"---"
"&H2FBDC","Sing",-40,"---"
"&H300C5","Sing",-40,"---"
"&H305AD","Sing",-40,"---"
"&H30A8D","Sing",-40,"---"
"&H30F66","Sing",-40,"---"
"&H31448","Sing",-40,"---"
"&H3192B","Sing",-40,"---"
"&H31E03","Sing",-40,"---"
"&H322E3","Sing",-40,"---"
"&H327C1","Sing",-40,"---"
"&H32CA1","Sing",-40,"---"
"&H2C67E","Sing",220,"---"
"&H2CB5E","Sing",220,"---"
"&H2D03B","Sing",220,"---"
"&H2D51B","Sing",220,"---"
"&H2D9F4","Sing",220,"---"
"&H2DEC6","Sing",220,"---"
"&H2E39E","Sing",220,"---"
"&H2E87E","Sing",220,"---"
"&H2ED5B","Sing",220,"---"
"&H2F23B","Sing",220,"---"
"&H2F714","Sing",220,"---"
"&H2FBE6","Sing",220,"---"
"&H300CF","Sing",220,"---"
"&H305B7","Sing",220,"---"
"&H30A97","Sing",220,"---"
"&H30F70","Sing",220,"---"
"&H31452","Sing",220,"---"
"&H31935","Sing",220,"---"
"&H31E0D","Sing",220,"---"
"&H322ED","Sing",220,"---"
"&H327CB","Sing",220,"---"
"&H32CAB","Sing",220,"---"
"&H300D9","Sing",9.10844E-44,"---"
"&H2C692","Sing",3800,"---"
"&H2CB72","Sing",3800,"---"
"&H2D04F","Sing",3800,"---"
"&H2D52F","Sing",3800,"---"
"&H2DA08","Sing",5000,"---"
"&H2DEDA","Sing",3800,"---"
"&H2E3B2","Sing",3800,"---"
"&H2E892","Sing",3800,"---"
"&H2ED6F","Sing",3800,"---"
"&H2F24F","Sing",3800,"---"
"&H2F728","Sing",5000,"---"
"&H2FBFA","Sing",3800,"---"
"&H300E3","Sing",3800,"---"
"&H305CB","Sing",3800,"---"
"&H30AAB","Sing",3800,"---"
"&H30F84","Sing",5000,"---"
"&H31466","Sing",3800,"---"
"&H31949","Sing",3600,"---"
"&H31E21","Sing",3600,"---"
"&H32301","Sing",3600,"---"
"&H327DF","Sing",3600,"---"
"&H32CBF","Sing",3600,"---"
"&H2EE561","Sing",.0873,"---"
"&H2EE589","Sing",.1378,"---"
"&H2EECA9","Sing",0,"---"
"&H2EED19","Sing",0,"---"
"&H2EED89","Sing",0,"---"
"&H2EEDF9","Sing",0,"---"
"&H2EEE69","Sing",0,"---"
"&H2EEED9","Sing",0,"---"
"&H2EEF49","Sing",0,"---"
"&H2EEFB9","Sing",0,"---"
"&H2EF029","Sing",0,"---"
"&H2EF099","Sing",0,"---"
"&H2EF109","Sing",0,"---"
"&H2EF179","Sing",0,"---"
"&H2EF1E9","Sing",0,"---"
"&H2EF259","Sing",0,"---"
"&H2EF2C9","Sing",0,"---"
"&H2EF339","Sing",0,"---"
"&H2EECAD","Sing",120,"---"
"&H2EED1D","Sing",120,"---"
"&H2EED8D","Sing",100,"---"
"&H2EEDFD","Sing",100,"---"
"&H2EEE6D","Sing",110,"---"
"&H2EEEDD","Sing",110,"---"
"&H2EEF4D","Sing",110,"---"
"&H2EEFBD","Sing",90,"---"
"&H2EF02D","Sing",90,"---"
"&H2EF09D","Sing",110,"---"
"&H2EF10D","Sing",115,"---"
"&H2EF17D","Sing",115,"---"
"&H2EF1ED","Sing",110,"---"
"&H2EF25D","Sing",100,"---"
"&H2EF2CD","Sing",100,"---"
"&H2EF33D","Sing",110,"---"
"&H2EECB1","Sing",7000,"---"
"&H2EED21","Sing",7000,"---"
"&H2EED91","Sing",4200,"---"
"&H2EEE01","Sing",4200,"---"
"&H2EEE71","Sing",5500,"---"
"&H2EEEE1","Sing",6200,"---"
"&H2EEF51","Sing",6200,"---"
"&H2EEFC1","Sing",4400,"---"
"&H2EF031","Sing",4400,"---"
"&H2EF0A1","Sing",5500,"---"
"&H2EF111","Sing",5700,"---"
"&H2EF181","Sing",5700,"---"
"&H2EF1F1","Sing",5500,"---"
"&H2EF261","Sing",6200,"---"
"&H2EF2D1","Sing",6200,"---"
"&H2EF341","Sing",5500,"---"
"&H2EECB5","Sing",231,"---"
"&H2EED25","Sing",231,"---"
"&H2EED95","Sing",168,"---"
"&H2EEE05","Sing",168,"---"
"&H2EEE75","Sing",215,"---"
"&H2EEEE5","Sing",225,"---"
"&H2EEF55","Sing",225,"---"
"&H2EEFC5","Sing",155,"---"
"&H2EF035","Sing",155,"---"
"&H2EF0A5","Sing",215,"---"
"&H2EF115","Sing",210,"---"
"&H2EF185","Sing",210,"---"
"&H2EF1F5","Sing",215,"---"
"&H2EF265","Sing",230,"---"
"&H2EF2D5","Sing",230,"---"
"&H2EF345","Sing",215,"---"
"&H2EECB9","Sing",9000,"---"
"&H2EED29","Sing",9000,"---"
"&H2EED99","Sing",9000,"---"
"&H2EEE09","Sing",9000,"---"
"&H2EEE79","Sing",8500,"---"
"&H2EEEE9","Sing",9000,"---"
"&H2EEF59","Sing",9000,"---"
"&H2EEFC9","Sing",9000,"---"
"&H2EF039","Sing",9000,"---"
"&H2EF0A9","Sing",8500,"---"
"&H2EF119","Sing",9000,"---"
"&H2EF189","Sing",9000,"---"
"&H2EF1F9","Sing",8500,"---"
"&H2EF269","Sing",7800,"---"
"&H2EF2D9","Sing",7800,"---"
"&H2EF349","Sing",8500,"---"
"&H2EECBD","Sing",202,"---"
"&H2EED2D","Sing",202,"---"
"&H2EED9D","Sing",80,"---"
"&H2EEE0D","Sing",80,"---"
"&H2EEE7D","Sing",185,"---"
"&H2EEEED","Sing",160,"---"
"&H2EEF5D","Sing",160,"---"
"&H2EEFCD","Sing",60,"---"
"&H2EF03D","Sing",60,"---"
"&H2EF0AD","Sing",185,"---"
"&H2EF11D","Sing",160,"---"
"&H2EF18D","Sing",160,"---"
"&H2EF1FD","Sing",185,"---"
"&H2EF26D","Sing",205,"---"
"&H2EF2DD","Sing",205,"---"
"&H2EF34D","Sing",185,"---"
"&H2EECC1","Sing",3.308,"---"
"&H2EED31","Sing",3.308,"---"
"&H2EEDA1","Sing",3.5,"---"
"&H2EEE11","Sing",3.5,"---"
"&H2EEE81","Sing",4,"---"
"&H2EEEF1","Sing",3.308,"---"
"&H2EEF61","Sing",3.308,"---"
"&H2EEFD1","Sing",3.5,"---"
"&H2EF041","Sing",3.5,"---"
"&H2EF0B1","Sing",4,"---"
"&H2EF121","Sing",3.308,"---"
"&H2EF191","Sing",3.308,"---"
"&H2EF201","Sing",4,"---"
"&H2EF271","Sing",3.308,"---"
"&H2EF2E1","Sing",3.308,"---"
"&H2EF351","Sing",4,"---"
"&H2EECC5","Sing",358,"---"
"&H2EED35","Sing",358,"---"
"&H2EEDA5","Sing",358,"---"
"&H2EEE15","Sing",358,"---"
"&H2EEE85","Sing",450,"---"
"&H2EEEF5","Sing",358,"---"
"&H2EEF65","Sing",358,"---"
"&H2EEFD5","Sing",358,"---"
"&H2EF045","Sing",358,"---"
"&H2EF0B5","Sing",450,"---"
"&H2EF125","Sing",358,"---"
"&H2EF195","Sing",358,"---"
"&H2EF205","Sing",450,"---"
"&H2EF275","Sing",358,"---"
"&H2EF2E5","Sing",358,"---"
"&H2EF355","Sing",450,"---"
"&H2EECC9","Sing",8,"---"
"&H2EED39","Sing",8,"---"
"&H2EEDA9","Sing",8,"---"
"&H2EEE19","Sing",8,"---"
"&H2EEE89","Sing",8,"---"
"&H2EEEF9","Sing",8,"---"
"&H2EEF69","Sing",8,"---"
"&H2EEFD9","Sing",8,"---"
"&H2EF049","Sing",8,"---"
"&H2EF0B9","Sing",8,"---"
"&H2EF129","Sing",8,"---"
"&H2EF199","Sing",8,"---"
"&H2EF209","Sing",8,"---"
"&H2EF279","Sing",8,"---"
"&H2EF2E9","Sing",8,"---"
"&H2EF359","Sing",8,"---"
"&H2EECCD","Sing",1,"---"
"&H2EED3D","Sing",1,"---"
"&H2EEDAD","Sing",1,"---"
"&H2EEE1D","Sing",1,"---"
"&H2EEE8D","Sing",1,"---"
"&H2EEEFD","Sing",1,"---"
"&H2EEF6D","Sing",1,"---"
"&H2EEFDD","Sing",1,"---"
"&H2EF04D","Sing",1,"---"
"&H2EF0BD","Sing",1,"---"
"&H2EF12D","Sing",1,"---"
"&H2EF19D","Sing",1,"---"
"&H2EF20D","Sing",1,"---"
"&H2EF27D","Sing",1,"---"
"&H2EF2ED","Sing",1,"---"
"&H2EF35D","Sing",1,"---"
"&H2EECD1","Sing",2.07,"---"
"&H2EED41","Sing",2.07,"---"
"&H2EEDB1","Sing",2.07,"---"
"&H2EEE21","Sing",2.07,"---"
"&H2EEE91","Sing",2.2,"---"
"&H2EEF01","Sing",2.07,"---"
"&H2EEF71","Sing",2.07,"---"
"&H2EEFE1","Sing",2.07,"---"
"&H2EF051","Sing",2.07,"---"
"&H2EF0C1","Sing",2.2,"---"
"&H2EF131","Sing",2.07,"---"
"&H2EF1A1","Sing",2.07,"---"
"&H2EF211","Sing",2.2,"---"
"&H2EF281","Sing",2.07,"---"
"&H2EF2F1","Sing",2.07,"---"
"&H2EF361","Sing",2.2,"---"
"&H2EECD5","Sing",9300,"---"
"&H2EED45","Sing",9300,"---"
"&H2EEDB5","Sing",7300,"---"
"&H2EEE25","Sing",7300,"---"
"&H2EEE95","Sing",9300,"---"
"&H2EEF05","Sing",9400,"---"
"&H2EEF75","Sing",9300,"---"
"&H2EEFE5","Sing",7300,"---"
"&H2EF055","Sing",7300,"---"
"&H2EF0C5","Sing",9300,"---"
"&H2EF135","Sing",9300,"---"
"&H2EF1A5","Sing",9300,"---"
"&H2EF215","Sing",9300,"---"
"&H2EF285","Sing",8200,"---"
"&H2EF2F5","Sing",8200,"---"
"&H2EF365","Sing",8200,"---"
"&H2EECD9","Sing",815,"---"
"&H2EED49","Sing",815,"---"
"&H2EEDB9","Sing",435,"---"
"&H2EEE29","Sing",435,"---"
"&H2EEE99","Sing",900,"---"
"&H2EEF09","Sing",725,"---"
"&H2EEF79","Sing",725,"---"
"&H2EEFE9","Sing",403,"---"
"&H2EF059","Sing",403,"---"
"&H2EF0C9","Sing",700,"---"
"&H2EF139","Sing",670,"---"
"&H2EF1A9","Sing",670,"---"
"&H2EF219","Sing",700,"---"
"&H2EF289","Sing",680,"---"
"&H2EF2F9","Sing",680,"---"
"&H2EF369","Sing",700,"---"
"&H2EECDD","Sing",19,"---"
"&H2EED4D","Sing",19,"---"
"&H2EEDBD","Sing",19,"---"
"&H2EEE2D","Sing",19,"---"
"&H2EEE9D","Sing",19,"---"
"&H2EEF0D","Sing",19,"---"
"&H2EEF7D","Sing",19,"---"
"&H2EEFED","Sing",19,"---"
"&H2EF05D","Sing",19,"---"
"&H2EF0CD","Sing",19,"---"
"&H2EF13D","Sing",19,"---"
"&H2EF1AD","Sing",19,"---"
"&H2EF21D","Sing",19,"---"
"&H2EF28D","Sing",19,"---"
"&H2EF2FD","Sing",19,"---"
"&H2EF36D","Sing",19,"---"
"&H2EECE1","Sing",18,"---"
"&H2EED51","Sing",12,"---"
"&H2EEDC1","Sing",18,"---"
"&H2EEE31","Sing",12,"---"
"&H2EEEA1","Sing",12,"---"
"&H2EEF11","Sing",18,"---"
"&H2EEF81","Sing",12,"---"
"&H2EEFF1","Sing",18,"---"
"&H2EF061","Sing",12,"---"
"&H2EF0D1","Sing",12,"---"
"&H2EF141","Sing",18,"---"
"&H2EF1B1","Sing",12,"---"
"&H2EF221","Sing",12,"---"
"&H2EF291","Sing",18,"---"
"&H2EF301","Sing",12,"---"
"&H2EF371","Sing",12,"---"
"&H2EECE5","Sing",450,"---"
"&H2EED55","Sing",450,"---"
"&H2EEDC5","Sing",350,"---"
"&H2EEE35","Sing",350,"---"
"&H2EEEA5","Sing",1050,"---"
"&H2EEF15","Sing",450,"---"
"&H2EEF85","Sing",450,"---"
"&H2EEFF5","Sing",350,"---"
"&H2EF065","Sing",350,"---"
"&H2EF0D5","Sing",1050,"---"
"&H2EF145","Sing",450,"---"
"&H2EF1B5","Sing",450,"---"
"&H2EF225","Sing",1050,"---"
"&H2EF295","Sing",450,"---"
"&H2EF305","Sing",450,"---"
"&H2EF375","Sing",1050,"---"
"&H2EECE9","Sing",1390,"---"
"&H2EED59","Sing",1390,"---"
"&H2EEDC9","Sing",1000,"---"
"&H2EEE39","Sing",1000,"---"
"&H2EEEA9","Sing",1900,"---"
"&H2EEF19","Sing",1390,"---"
"&H2EEF89","Sing",1390,"---"
"&H2EEFF9","Sing",1000,"---"
"&H2EF069","Sing",1000,"---"
"&H2EF0D9","Sing",1900,"---"
"&H2EF149","Sing",1390,"---"
"&H2EF1B9","Sing",1390,"---"
"&H2EF229","Sing",1900,"---"
"&H2EF299","Sing",1390,"---"
"&H2EF309","Sing",1390,"---"
"&H2EF379","Sing",1900,"---"
"&H2EECED","Sing",5.605194E-45,"---"
"&H2EED5D","Sing",5.605194E-45,"---"
"&H2EEDCD","Sing",5.605194E-45,"---"
"&H2EEE3D","Sing",5.605194E-45,"---"
"&H2EEEAD","Sing",5.605194E-45,"---"
"&H2EEF1D","Sing",5.605194E-45,"---"
"&H2EEF8D","Sing",5.605194E-45,"---"
"&H2EEFFD","Sing",5.605194E-45,"---"
"&H2EF06D","Sing",5.605194E-45,"---"
"&H2EF0DD","Sing",5.605194E-45,"---"
"&H2EF14D","Sing",5.605194E-45,"---"
"&H2EF1BD","Sing",5.605194E-45,"---"
"&H2EF22D","Sing",5.605194E-45,"---"
"&H2EF29D","Sing",8.407791E-45,"---"
"&H2EF30D","Sing",8.407791E-45,"---"
"&H2EF37D","Sing",8.407791E-45,"---"
"&H2EECF1","Sing",-2.733333,"---"
"&H2EED61","Sing",-2.733333,"---"
"&H2EEDD1","Sing",-2.733333,"---"
"&H2EEE41","Sing",-2.733333,"---"
"&H2EEEB1","Sing",-2.733333,"---"
"&H2EEF21","Sing",-2.733333,"---"
"&H2EEF91","Sing",-2.733333,"---"
"&H2EF001","Sing",-2.733333,"---"
"&H2EF071","Sing",-2.733333,"---"
"&H2EF0E1","Sing",-2.733333,"---"
"&H2EF151","Sing",-2.733333,"---"
"&H2EF1C1","Sing",-2.733333,"---"
"&H2EF231","Sing",-2.733333,"---"
"&H2EF2A1","Sing",-2.733333,"---"
"&H2EF311","Sing",-2.733333,"---"
"&H2EF381","Sing",-2.733333,"---"
"&H2EECF5","Sing",0,"---"
"&H2EED65","Sing",0,"---"
"&H2EEDD5","Sing",0,"---"
"&H2EEE45","Sing",0,"---"
"&H2EEEB5","Sing",0,"---"
"&H2EEF25","Sing",0,"---"
"&H2EEF95","Sing",0,"---"
"&H2EF005","Sing",0,"---"
"&H2EF075","Sing",0,"---"
"&H2EF0E5","Sing",0,"---"
"&H2EF155","Sing",0,"---"
"&H2EF1C5","Sing",0,"---"
"&H2EF235","Sing",0,"---"
"&H2EF2A5","Sing",0,"---"
"&H2EF315","Sing",0,"---"
"&H2EF385","Sing",0,"---"
"&H2EECF9","Sing",2.733333,"---"
"&H2EED69","Sing",2.733333,"---"
"&H2EEDD9","Sing",2.733333,"---"
"&H2EEE49","Sing",2.733333,"---"
"&H2EEEB9","Sing",2.733333,"---"
"&H2EEF29","Sing",2.733333,"---"
"&H2EEF99","Sing",2.733333,"---"
"&H2EF009","Sing",2.733333,"---"
"&H2EF079","Sing",2.733333,"---"
"&H2EF0E9","Sing",2.733333,"---"
"&H2EF159","Sing",2.733333,"---"
"&H2EF1C9","Sing",2.733333,"---"
"&H2EF239","Sing",2.733333,"---"
"&H2EF2A9","Sing",2.733333,"---"
"&H2EF319","Sing",2.733333,"---"
"&H2EF389","Sing",2.733333,"---"
"&H2EECFD","Sing",1.8,"---"
"&H2EED6D","Sing",1.8,"---"
"&H2EEDDD","Sing",1.8,"---"
"&H2EEE4D","Sing",1.8,"---"
"&H2EEEBD","Sing",1.8,"---"
"&H2EEF2D","Sing",1.8,"---"
"&H2EEF9D","Sing",1.8,"---"
"&H2EF00D","Sing",1.8,"---"
"&H2EF07D","Sing",1.8,"---"
"&H2EF0ED","Sing",1.8,"---"
"&H2EF15D","Sing",1.8,"---"
"&H2EF1CD","Sing",1.8,"---"
"&H2EF23D","Sing",1.8,"---"
"&H2EF2AD","Sing",1.8,"---"
"&H2EF31D","Sing",1.8,"---"
"&H2EF38D","Sing",1.8,"---"
"&H2EED01","Sing",1.333333,"---"
"&H2EED71","Sing",1.333333,"---"
"&H2EEDE1","Sing",1.333333,"---"
"&H2EEE51","Sing",1.333333,"---"
"&H2EEEC1","Sing",1.333333,"---"
"&H2EEF31","Sing",1.333333,"---"
"&H2EEFA1","Sing",1.333333,"---"
"&H2EF011","Sing",1.333333,"---"
"&H2EF081","Sing",1.333333,"---"
"&H2EF0F1","Sing",1.333333,"---"
"&H2EF161","Sing",1.333333,"---"
"&H2EF1D1","Sing",1.333333,"---"
"&H2EF241","Sing",1.333333,"---"
"&H2EF2B1","Sing",1.333333,"---"
"&H2EF321","Sing",1.333333,"---"
"&H2EF391","Sing",1.333333,"---"
"&H2EED05","Sing",1,"---"
"&H2EED75","Sing",1,"---"
"&H2EEDE5","Sing",1,"---"
"&H2EEE55","Sing",1,"---"
"&H2EEEC5","Sing",1,"---"
"&H2EEF35","Sing",1,"---"
"&H2EEFA5","Sing",1,"---"
"&H2EF015","Sing",1,"---"
"&H2EF085","Sing",1,"---"
"&H2EF0F5","Sing",1,"---"
"&H2EF165","Sing",1,"---"
"&H2EF1D5","Sing",1,"---"
"&H2EF245","Sing",1,"---"
"&H2EF2B5","Sing",1,"---"
"&H2EF325","Sing",1,"---"
"&H2EF395","Sing",1,"---"
"&H2EED09","Sing",1,"---"
"&H2EED79","Sing",1,"---"
"&H2EEDE9","Sing",1,"---"
"&H2EEE59","Sing",1,"---"
"&H2EEEC9","Sing",1,"---"
"&H2EEF39","Sing",1,"---"
"&H2EEFA9","Sing",1,"---"
"&H2EF019","Sing",1,"---"
"&H2EF089","Sing",1,"---"
"&H2EF0F9","Sing",1,"---"
"&H2EF169","Sing",1,"---"
"&H2EF1D9","Sing",1,"---"
"&H2EF249","Sing",1,"---"
"&H2EF2B9","Sing",1,"---"
"&H2EF329","Sing",1,"---"
"&H2EF399","Sing",1,"---"
"&H2EED0D","Sing",1,"---"
"&H2EED7D","Sing",1,"---"
"&H2EEDED","Sing",1,"---"
"&H2EEE5D","Sing",1,"---"
"&H2EEECD","Sing",1,"---"
"&H2EEF3D","Sing",1,"---"
"&H2EEFAD","Sing",1,"---"
"&H2EF01D","Sing",1,"---"
"&H2EF08D","Sing",1,"---"
"&H2EF0FD","Sing",1,"---"
"&H2EF16D","Sing",1,"---"
"&H2EF1DD","Sing",1,"---"
"&H2EF24D","Sing",1,"---"
"&H2EF2BD","Sing",1,"---"
"&H2EF32D","Sing",1,"---"
"&H2EF39D","Sing",1,"---"
"&H2EED11","Sing",3.4375,"---"
"&H2EED81","Sing",3.4375,"---"
"&H2EEDF1","Sing",3.4375,"---"
"&H2EEE61","Sing",3.4375,"---"
"&H2EEED1","Sing",3.4375,"---"
"&H2EEF41","Sing",3.4375,"---"
"&H2EEFB1","Sing",3.4375,"---"
"&H2EF021","Sing",3.4375,"---"
"&H2EF091","Sing",3.4375,"---"
"&H2EF101","Sing",3.4375,"---"
"&H2EF171","Sing",3.4375,"---"
"&H2EF1E1","Sing",3.4375,"---"
"&H2EF251","Sing",3.4375,"---"
"&H2EF2C1","Sing",3.4375,"---"
"&H2EF331","Sing",3.4375,"---"
"&H2EF3A1","Sing",3.4375,"---"
"&H2EED15","Sing",1.401298E-45,"---"
"&H2EED85","Sing",0,"---"
"&H2EEDF5","Sing",1.401298E-45,"---"
"&H2EEE65","Sing",0,"---"
"&H2EEED5","Sing",0,"---"
"&H2EEF45","Sing",1.401298E-45,"---"
"&H2EEFB5","Sing",0,"---"
"&H2EF025","Sing",1.401298E-45,"---"
"&H2EF095","Sing",0,"---"
"&H2EF105","Sing",0,"---"
"&H2EF175","Sing",1.401298E-45,"---"
"&H2EF1E5","Sing",0,"---"
"&H2EF255","Sing",0,"---"
"&H2EF2C5","Sing",1.401298E-45,"---"
"&H2EF335","Sing",0,"---"
"&H2EF3A5","Sing",0,"---"
"&H2EFB91","Sing",-7.260181E-32,"---"
"&H2EFBB1","Sing",7.109509E-20,"---"
"&H2EFBC1","Sing",4.059608E-37,"---"
"&H2EFBD1","Sing",3.995173E-13,"---"
"&H2EFB8D","Sing",7.5,"---"
"&H2EA479","Sing",10,"---"
"&H2EFBF1","Sing",12.5,"---"
"&H2EFB89","Sing",10.6,"---"
"&H2EFB99","Sing",10.8,"---"
"&H2EFBA9","Sing",11.2,"---"
"&H2EFBB9","Sing",11.6,"---"
"&H2EFBE1","Sing",12.8,"---"
"&H2EFBE5","Sing",13.2,"---"
"&H2EFB85","Sing",61,"---"
"&H2EFBDD","Sing",59,"---"
"&H2EFBED","Sing",57,"---"
"&H2ED00D","Sing",100,"---"
"&H2EFB81","Sing",92,"---"
"&H2EFBC9","Sing",103,"---"
"&H2EFBD9","Sing",80,"---"
"&H2EFBE9","Sing",90,"---"
"&H554E5","Sing",.1,"---"
"&H556C5","Sing",.1,"---"
"&H558A5","Sing",.1,"---"
"&H55A85","Sing",.1,"---"
"&H55C65","Sing",.1,"---"
"&H55E45","Sing",.1,"---"
"&H56025","Sing",.1,"---"
"&H56205","Sing",.05,"---"
"&H563E5","Sing",.05,"---"
"&H565C5","Sing",.1,"---"
"&H567A5","Sing",.1,"---"
"&H56985","Sing",.1,"---"
"&H56B65","Sing",.1,"---"
"&H56D45","Sing",.1,"---"
"&H56F25","Sing",.1,"---"
"&H57105","Sing",.1,"---"
"&H572E5","Sing",.1,"---"
"&H574C5","Sing",.1,"---"
"&H576A5","Sing",.1,"---"
"&H57885","Sing",.1,"---"
"&H57A65","Sing",.1,"---"
"&H57C45","Sing",.1,"---"
"&H57E25","Sing",.1,"---"
"&H58005","Sing",.1,"---"
"&H581E5","Sing",.05,"---"
"&H583C5","Sing",.05,"---"
"&H554EF","Sing",28,"---"
"&H556CF","Sing",48,"---"
"&H558AF","Sing",28,"---"
"&H55A8F","Sing",48,"---"
"&H55C6F","Sing",22,"---"
"&H55E4F","Sing",35,"---"
"&H5602F","Sing",19,"---"
"&H5620F","Sing",30,"---"
"&H563EF","Sing",30,"---"
"&H565CF","Sing",28,"---"
"&H567AF","Sing",48,"---"
"&H5698F","Sing",28,"---"
"&H56B6F","Sing",48,"---"
"&H56D4F","Sing",22,"---"
"&H56F2F","Sing",35,"---"
"&H5710F","Sing",19,"---"
"&H572EF","Sing",28,"---"
"&H574CF","Sing",48,"---"
"&H576AF","Sing",28,"---"
"&H5788F","Sing",48,"---"
"&H57A6F","Sing",22,"---"
"&H57C4F","Sing",35,"---"
"&H57E2F","Sing",19,"---"
"&H5800F","Sing",19,"---"
"&H581EF","Sing",30,"---"
"&H583CF","Sing",30,"---"
"&H554F9","Sing",40,"---"
"&H556D9","Sing",40,"---"
"&H558B9","Sing",40,"---"
"&H55A99","Sing",40,"---"
"&H55C79","Sing",40,"---"
"&H55E59","Sing",40,"---"
"&H56039","Sing",40,"---"
"&H56219","Sing",40,"---"
"&H563F9","Sing",40,"---"
"&H565D9","Sing",40,"---"
"&H567B9","Sing",40,"---"
"&H56999","Sing",40,"---"
"&H56B79","Sing",40,"---"
"&H56D59","Sing",40,"---"
"&H56F39","Sing",40,"---"
"&H57119","Sing",40,"---"
"&H572F9","Sing",40,"---"
"&H574D9","Sing",40,"---"
"&H576B9","Sing",40,"---"
"&H57899","Sing",40,"---"
"&H57A79","Sing",40,"---"
"&H57C59","Sing",40,"---"
"&H57E39","Sing",40,"---"
"&H58019","Sing",40,"---"
"&H581F9","Sing",40,"---"
"&H583D9","Sing",40,"---"
"&H55503","Sing",34,"---"
"&H556E3","Sing",56,"---"
"&H558C3","Sing",34,"---"
"&H55AA3","Sing",56,"---"
"&H55C83","Sing",28,"---"
"&H55E63","Sing",42,"---"
"&H56043","Sing",26,"---"
"&H56223","Sing",50,"---"
"&H56403","Sing",50,"---"
"&H565E3","Sing",34,"---"
"&H567C3","Sing",56,"---"
"&H569A3","Sing",34,"---"
"&H56B83","Sing",56,"---"
"&H56D63","Sing",28,"---"
"&H56F43","Sing",42,"---"
"&H57123","Sing",26,"---"
"&H57303","Sing",34,"---"
"&H574E3","Sing",56,"---"
"&H576C3","Sing",34,"---"
"&H578A3","Sing",56,"---"
"&H57A83","Sing",28,"---"
"&H57C63","Sing",42,"---"
"&H57E43","Sing",26,"---"
"&H58023","Sing",26,"---"
"&H58203","Sing",50,"---"
"&H583E3","Sing",50,"---"
"&H5551F","Sing",1.35,"---"
"&H556FF","Sing",1.69,"---"
"&H558DF","Sing",1.26,"---"
"&H55ABF","Sing",1.52,"---"
"&H55C9F","Sing",1.41,"---"
"&H55E7F","Sing",1.65,"---"
"&H5605F","Sing",1.56,"---"
"&H5623F","Sing",1,"---"
"&H5641F","Sing",1,"---"
"&H565FF","Sing",1.35,"---"
"&H567DF","Sing",1.69,"---"
"&H569BF","Sing",1.26,"---"
"&H56B9F","Sing",1.52,"---"
"&H56D7F","Sing",1.41,"---"
"&H56F5F","Sing",1.65,"---"
"&H5713F","Sing",1.56,"---"
"&H5731F","Sing",1.15,"---"
"&H574FF","Sing",1.6,"---"
"&H576DF","Sing",1.5,"---"
"&H578BF","Sing",2,"---"
"&H57A9F","Sing",2,"---"
"&H57C7F","Sing",2.4,"---"
"&H57E5F","Sing",1.54,"---"
"&H5803F","Sing",1.81,"---"
"&H5821F","Sing",1,"---"
"&H583FF","Sing",1,"---"
"&H55529","Sing",650,"---"
"&H55709","Sing",650,"---"
"&H558E9","Sing",650,"---"
"&H55AC9","Sing",650,"---"
"&H55CA9","Sing",650,"---"
"&H55E89","Sing",650,"---"
"&H56069","Sing",650,"---"
"&H56249","Sing",650,"---"
"&H56429","Sing",650,"---"
"&H56609","Sing",650,"---"
"&H567E9","Sing",650,"---"
"&H569C9","Sing",650,"---"
"&H56BA9","Sing",650,"---"
"&H56D89","Sing",650,"---"
"&H56F69","Sing",650,"---"
"&H57149","Sing",650,"---"
"&H57329","Sing",650,"---"
"&H57509","Sing",650,"---"
"&H576E9","Sing",650,"---"
"&H578C9","Sing",650,"---"
"&H57AA9","Sing",650,"---"
"&H57C89","Sing",650,"---"
"&H57E69","Sing",620,"---"
"&H58049","Sing",650,"---"
"&H58229","Sing",650,"---"
"&H58409","Sing",650,"---"
"&H55533","Sing",4500,"---"
"&H55713","Sing",4500,"---"
"&H558F3","Sing",4500,"---"
"&H55AD3","Sing",4500,"---"
"&H55CB3","Sing",4500,"---"
"&H55E93","Sing",4500,"---"
"&H56073","Sing",4500,"---"
"&H56253","Sing",4500,"---"
"&H56433","Sing",4500,"---"
"&H56613","Sing",4500,"---"
"&H567F3","Sing",4500,"---"
"&H569D3","Sing",4500,"---"
"&H56BB3","Sing",4500,"---"
"&H56D93","Sing",4500,"---"
"&H56F73","Sing",4500,"---"
"&H57153","Sing",4500,"---"
"&H57333","Sing",4500,"---"
"&H57513","Sing",4500,"---"
"&H576F3","Sing",4500,"---"
"&H578D3","Sing",4500,"---"
"&H57AB3","Sing",4500,"---"
"&H57C93","Sing",4500,"---"
"&H57E73","Sing",4200,"---"
"&H58053","Sing",4500,"---"
"&H58233","Sing",4500,"---"
"&H58413","Sing",4500,"---"
"&H5553D","Sing",1.5,"---"
"&H5571D","Sing",1.64,"---"
"&H558FD","Sing",1.7,"---"
"&H55ADD","Sing",1.78,"---"
"&H55CBD","Sing",1.72,"---"
"&H55E9D","Sing",1.9,"---"
"&H5607D","Sing",1.92,"---"
"&H5625D","Sing",2,"---"
"&H5643D","Sing",2.1,"---"
"&H5661D","Sing",1.425,"---"
"&H567FD","Sing",1.558,"---"
"&H569DD","Sing",1.615,"---"
"&H56BBD","Sing",1.691,"---"
"&H56D9D","Sing",1.634,"---"
"&H56F7D","Sing",1.805,"---"
"&H5715D","Sing",1.824,"---"
"&H5733D","Sing",1.6,"---"
"&H5751D","Sing",1.74,"---"
"&H576FD","Sing",1.7,"---"
"&H578DD","Sing",1.78,"---"
"&H57ABD","Sing",1.72,"---"
"&H57C9D","Sing",1.9,"---"
"&H57E7D","Sing",1.96,"---"
"&H5805D","Sing",2,"---"
"&H5823D","Sing",2,"---"
"&H5841D","Sing",2.1,"---"
"&H5554D","Sing",1.3,"---"
"&H5572D","Sing",1.2,"---"
"&H5590D","Sing",1.52,"---"
"&H55AED","Sing",1.33,"---"
"&H55CCD","Sing",1.52,"---"
"&H55EAD","Sing",1.47,"---"
"&H5608D","Sing",1.75,"---"
"&H5626D","Sing",1.73,"---"
"&H5644D","Sing",1.74,"---"
"&H5662D","Sing",1.235,"---"
"&H5680D","Sing",1.14,"---"
"&H569ED","Sing",1.444,"---"
"&H56BCD","Sing",1.2635,"---"
"&H56DAD","Sing",1.444,"---"
"&H56F8D","Sing",1.3965,"---"
"&H5716D","Sing",1.6625,"---"
"&H5734D","Sing",1.4,"---"
"&H5752D","Sing",1.3,"---"
"&H5770D","Sing",1.52,"---"
"&H578ED","Sing",1.33,"---"
"&H57ACD","Sing",1.52,"---"
"&H57CAD","Sing",1.47,"---"
"&H57E8D","Sing",1.79,"---"
"&H5806D","Sing",1.84,"---"
"&H5824D","Sing",1.73,"---"
"&H5842D","Sing",1.74,"---"
"&H55557","Sing",1.5,"---"
"&H55737","Sing",1.2,"---"
"&H55917","Sing",1.3,"---"
"&H55AF7","Sing",1.2,"---"
"&H55CD7","Sing",1.3,"---"
"&H55EB7","Sing",1.3,"---"
"&H56097","Sing",1.2,"---"
"&H56277","Sing",1.4,"---"
"&H56457","Sing",1.2,"---"
"&H56637","Sing",1.5,"---"
"&H56817","Sing",1.2,"---"
"&H569F7","Sing",1.3,"---"
"&H56BD7","Sing",1.2,"---"
"&H56DB7","Sing",1.3,"---"
"&H56F97","Sing",1.3,"---"
"&H57177","Sing",1.2,"---"
"&H57357","Sing",1.5,"---"
"&H57537","Sing",1.2,"---"
"&H57717","Sing",1.3,"---"
"&H578F7","Sing",1.2,"---"
"&H57AD7","Sing",1.3,"---"
"&H57CB7","Sing",1.3,"---"
"&H57E97","Sing",1.2,"---"
"&H58077","Sing",1.2,"---"
"&H58257","Sing",1.4,"---"
"&H58437","Sing",1.2,"---"
"&H55561","Sing",120,"---"
"&H55741","Sing",120,"---"
"&H55921","Sing",120,"---"
"&H55B01","Sing",120,"---"
"&H55CE1","Sing",120,"---"
"&H55EC1","Sing",120,"---"
"&H560A1","Sing",120,"---"
"&H56281","Sing",90,"---"
"&H56461","Sing",180,"---"
"&H56641","Sing",120,"---"
"&H56821","Sing",120,"---"
"&H56A01","Sing",120,"---"
"&H56BE1","Sing",120,"---"
"&H56DC1","Sing",120,"---"
"&H56FA1","Sing",120,"---"
"&H57181","Sing",120,"---"
"&H57361","Sing",120,"---"
"&H57541","Sing",120,"---"
"&H57721","Sing",120,"---"
"&H57901","Sing",120,"---"
"&H57AE1","Sing",120,"---"
"&H57CC1","Sing",120,"---"
"&H57EA1","Sing",120,"---"
"&H58081","Sing",120,"---"
"&H58261","Sing",90,"---"
"&H58441","Sing",180,"---"
"&H5556B","Sing",.02,"---"
"&H5574B","Sing",.02,"---"
"&H5592B","Sing",.02,"---"
"&H55B0B","Sing",.02,"---"
"&H55CEB","Sing",.02,"---"
"&H55ECB","Sing",.02,"---"
"&H560AB","Sing",.02,"---"
"&H5628B","Sing",.1,"---"
"&H5646B","Sing",.1,"---"
"&H5664B","Sing",.02,"---"
"&H5682B","Sing",.02,"---"
"&H56A0B","Sing",.02,"---"
"&H56BEB","Sing",.02,"---"
"&H56DCB","Sing",.02,"---"
"&H56FAB","Sing",.02,"---"
"&H5718B","Sing",.02,"---"
"&H5736B","Sing",.02,"---"
"&H5754B","Sing",.02,"---"
"&H5772B","Sing",.02,"---"
"&H5790B","Sing",.02,"---"
"&H57AEB","Sing",.02,"---"
"&H57CCB","Sing",.02,"---"
"&H57EAB","Sing",.02,"---"
"&H5808B","Sing",.02,"---"
"&H5826B","Sing",.1,"---"
"&H5844B","Sing",.1,"---"
"&H5558D","Sing",1,"---"
"&H5576D","Sing",1,"---"
"&H5594D","Sing",1,"---"
"&H55B2D","Sing",1,"---"
"&H55D0D","Sing",1,"---"
"&H55EED","Sing",1,"---"
"&H560CD","Sing",1,"---"
"&H562AD","Sing",.9,"---"
"&H5648D","Sing",.9,"---"
"&H5666D","Sing",1,"---"
"&H5684D","Sing",1,"---"
"&H56A2D","Sing",1,"---"
"&H56C0D","Sing",1,"---"
"&H56DED","Sing",1,"---"
"&H56FCD","Sing",1,"---"
"&H571AD","Sing",1,"---"
"&H5738D","Sing",1,"---"
"&H5756D","Sing",1,"---"
"&H5774D","Sing",1,"---"
"&H5792D","Sing",1,"---"
"&H57B0D","Sing",1,"---"
"&H57CED","Sing",1,"---"
"&H57ECD","Sing",1,"---"
"&H580AD","Sing",1,"---"
"&H5828D","Sing",.9,"---"
"&H5846D","Sing",.9,"---"
"&H55597","Sing",-.23,"---"
"&H55777","Sing",-.15,"---"
"&H55957","Sing",-.24,"---"
"&H55B37","Sing",-.17,"---"
"&H55D17","Sing",-.22,"---"
"&H55EF7","Sing",-.22,"---"
"&H560D7","Sing",-.36,"---"
"&H562B7","Sing",-.2,"---"
"&H56497","Sing",-.2,"---"
"&H56677","Sing",-.23,"---"
"&H56857","Sing",-.15,"---"
"&H56A37","Sing",-.24,"---"
"&H56C17","Sing",-.17,"---"
"&H56DF7","Sing",-.22,"---"
"&H56FD7","Sing",-.22,"---"
"&H571B7","Sing",-.36,"---"
"&H57397","Sing",-.26,"---"
"&H57577","Sing",-.17,"---"
"&H57757","Sing",-.24,"---"
"&H57937","Sing",-.17,"---"
"&H57B17","Sing",-.22,"---"
"&H57CF7","Sing",-.22,"---"
"&H57ED7","Sing",-.32,"---"
"&H580B7","Sing",-.3,"---"
"&H58297","Sing",-.2,"---"
"&H58477","Sing",-.2,"---"
"&H555A3","Sing",4700,"---"
"&H55783","Sing",7500,"---"
"&H55963","Sing",4450,"---"
"&H55B43","Sing",7200,"---"
"&H55D23","Sing",4200,"---"
"&H55F03","Sing",6300,"---"
"&H560E3","Sing",3350,"---"
"&H562C3","Sing",5000,"---"
"&H564A3","Sing",5000,"---"
"&H56683","Sing",4700,"---"
"&H56863","Sing",7500,"---"
"&H56A43","Sing",4450,"---"
"&H56C23","Sing",7200,"---"
"&H56E03","Sing",4200,"---"
"&H56FE3","Sing",6300,"---"
"&H571C3","Sing",3350,"---"
"&H573A3","Sing",3760,"---"
"&H57583","Sing",6000,"---"
"&H57763","Sing",3560,"---"
"&H57943","Sing",5760,"---"
"&H57B23","Sing",3360,"---"
"&H57D03","Sing",5040,"---"
"&H57EE3","Sing",2610,"---"
"&H580C3","Sing",2710,"---"
"&H582A3","Sing",5000,"---"
"&H58483","Sing",5000,"---"
"&H555AD","Sing",.42,"---"
"&H5578D","Sing",.28,"---"
"&H5596D","Sing",.33,"---"
"&H55B4D","Sing",.29,"---"
"&H55D2D","Sing",.26,"---"
"&H55F0D","Sing",.21,"---"
"&H560ED","Sing",.3,"---"
"&H562CD","Sing",.16,"---"
"&H564AD","Sing",.16,"---"
"&H5668D","Sing",.42,"---"
"&H5686D","Sing",.28,"---"
"&H56A4D","Sing",.33,"---"
"&H56C2D","Sing",.29,"---"
"&H56E0D","Sing",.26,"---"
"&H56FED","Sing",.21,"---"
"&H571CD","Sing",.3,"---"
"&H573AD","Sing",.38,"---"
"&H5758D","Sing",.28,"---"
"&H5776D","Sing",.33,"---"
"&H5794D","Sing",.29,"---"
"&H57B2D","Sing",.26,"---"
"&H57D0D","Sing",.21,"---"
"&H57EED","Sing",.3,"---"
"&H580CD","Sing",.3,"---"
"&H582AD","Sing",.16,"---"
"&H5848D","Sing",.16,"---"
"&H555B7","Sing",1.13,"---"
"&H55797","Sing",1.13,"---"
"&H55977","Sing",1.13,"---"
"&H55B57","Sing",1.13,"---"
"&H55D37","Sing",1.13,"---"
"&H55F17","Sing",1.13,"---"
"&H560F7","Sing",1.13,"---"
"&H562D7","Sing",1.13,"---"
"&H564B7","Sing",1.1,"---"
"&H56697","Sing",1.13,"---"
"&H56877","Sing",1.13,"---"
"&H56A57","Sing",1.13,"---"
"&H56C37","Sing",1.13,"---"
"&H56E17","Sing",1.13,"---"
"&H56FF7","Sing",1.13,"---"
"&H571D7","Sing",1.13,"---"
"&H573B7","Sing",1.13,"---"
"&H57597","Sing",1.13,"---"
"&H57777","Sing",1.13,"---"
"&H57957","Sing",1.13,"---"
"&H57B37","Sing",1.13,"---"
"&H57D17","Sing",1.13,"---"
"&H57EF7","Sing",1.13,"---"
"&H580D7","Sing",1.13,"---"
"&H582B7","Sing",1.13,"---"
"&H58497","Sing",1.1,"---"
"&H555C1","Sing",4.333333E-06,"---"
"&H557A1","Sing",6.666667E-06,"---"
"&H55981","Sing",6.333333E-06,"---"
"&H55B61","Sing",6.666667E-06,"---"
"&H55D41","Sing",6.333333E-06,"---"
"&H55F21","Sing",6.666667E-06,"---"
"&H56101","Sing",6.666667E-06,"---"
"&H562E1","Sing",6.666667E-09,"---"
"&H564C1","Sing",6.666667E-09,"---"
"&H566A1","Sing",2.86E-06,"---"
"&H56881","Sing",.0000044,"---"
"&H56A61","Sing",4.18E-06,"---"
"&H56C41","Sing",.0000044,"---"
"&H56E21","Sing",4.18E-06,"---"
"&H57001","Sing",.0000044,"---"
"&H571E1","Sing",.0000044,"---"
"&H573C1","Sing",.000002,"---"
"&H575A1","Sing",.000002,"---"
"&H57781","Sing",.000002,"---"
"&H57961","Sing",.000002,"---"
"&H57B41","Sing",.000002,"---"
"&H57D21","Sing",.000002,"---"
"&H57F01","Sing",.000002,"---"
"&H580E1","Sing",.000002,"---"
"&H582C1","Sing",2E-09,"---"
"&H584A1","Sing",2E-09,"---"
"&H555CB","Sing",1.818182E-04,"---"
"&H557AB","Sing",1.818182E-04,"---"
"&H5598B","Sing",1.818182E-04,"---"
"&H55B6B","Sing",1.818182E-04,"---"
"&H55D4B","Sing",1.818182E-04,"---"
"&H55F2B","Sing",1.818182E-04,"---"
"&H5610B","Sing",1.818182E-04,"---"
"&H562EB","Sing",1.818182E-04,"---"
"&H564CB","Sing",1.818182E-04,"---"
"&H566AB","Sing",.00012,"---"
"&H5688B","Sing",.00012,"---"
"&H56A6B","Sing",.00012,"---"
"&H56C4B","Sing",.00012,"---"
"&H56E2B","Sing",.00012,"---"
"&H5700B","Sing",.00012,"---"
"&H571EB","Sing",.00012,"---"
"&H573CB","Sing",1.818182E-04,"---"
"&H575AB","Sing",1.818182E-04,"---"
"&H5778B","Sing",1.818182E-04,"---"
"&H5796B","Sing",1.818182E-04,"---"
"&H57B4B","Sing",1.818182E-04,"---"
"&H57D2B","Sing",1.818182E-04,"---"
"&H57F0B","Sing",1.818182E-04,"---"
"&H580EB","Sing",1.818182E-04,"---"
"&H582CB","Sing",1.818182E-04,"---"
"&H584AB","Sing",1.818182E-04,"---"
"&H555D5","Sing",6.666667E-06,"---"
"&H557B5","Sing",6.666667E-06,"---"
"&H55995","Sing",6.666667E-06,"---"
"&H55B75","Sing",6.666667E-06,"---"
"&H55D55","Sing",6.666667E-06,"---"
"&H55F35","Sing",6.666667E-06,"---"
"&H56115","Sing",6.666667E-06,"---"
"&H562F5","Sing",6.666667E-06,"---"
"&H564D5","Sing",6.666667E-06,"---"
"&H566B5","Sing",6.666667E-06,"---"
"&H56895","Sing",6.666667E-06,"---"
"&H56A75","Sing",6.666667E-06,"---"
"&H56C55","Sing",6.666667E-06,"---"
"&H56E35","Sing",6.666667E-06,"---"
"&H57015","Sing",6.666667E-06,"---"
"&H571F5","Sing",6.666667E-06,"---"
"&H573D5","Sing",6.666667E-06,"---"
"&H575B5","Sing",6.666667E-06,"---"
"&H57795","Sing",6.666667E-06,"---"
"&H57975","Sing",6.666667E-06,"---"
"&H57B55","Sing",6.666667E-06,"---"
"&H57D35","Sing",6.666667E-06,"---"
"&H57F15","Sing",6.666667E-06,"---"
"&H580F5","Sing",6.666667E-06,"---"
"&H582D5","Sing",6.666667E-06,"---"
"&H584B5","Sing",6.666667E-06,"---"
"&H555FD","Sing",6.666667E-04,"---"
"&H557DD","Sing",6.666667E-04,"---"
"&H559BD","Sing",6.666667E-04,"---"
"&H55B9D","Sing",6.666667E-04,"---"
"&H55D7D","Sing",6.666667E-04,"---"
"&H55F5D","Sing",6.666667E-04,"---"
"&H5613D","Sing",6.666667E-04,"---"
"&H5631D","Sing",6.666667E-04,"---"
"&H564FD","Sing",6.666667E-04,"---"
"&H566DD","Sing",6.666667E-04,"---"
"&H568BD","Sing",6.666667E-04,"---"
"&H56A9D","Sing",6.666667E-04,"---"
"&H56C7D","Sing",6.666667E-04,"---"
"&H56E5D","Sing",6.666667E-04,"---"
"&H5703D","Sing",6.666667E-04,"---"
"&H5721D","Sing",6.666667E-04,"---"
"&H573FD","Sing",6.666667E-04,"---"
"&H575DD","Sing",6.666667E-04,"---"
"&H577BD","Sing",6.666667E-04,"---"
"&H5799D","Sing",6.666667E-04,"---"
"&H57B7D","Sing",6.666667E-04,"---"
"&H57D5D","Sing",6.666667E-04,"---"
"&H57F3D","Sing",6.666667E-04,"---"
"&H5811D","Sing",6.666667E-04,"---"
"&H582FD","Sing",6.666667E-04,"---"
"&H584DD","Sing",6.666667E-04,"---"
"&H55607","Sing",35,"---"
"&H557E7","Sing",35,"---"
"&H559C7","Sing",35,"---"
"&H55BA7","Sing",35,"---"
"&H55D87","Sing",35,"---"
"&H55F67","Sing",35,"---"
"&H56147","Sing",35,"---"
"&H56327","Sing",35,"---"
"&H56507","Sing",35,"---"
"&H566E7","Sing",35,"---"
"&H568C7","Sing",35,"---"
"&H56AA7","Sing",35,"---"
"&H56C87","Sing",35,"---"
"&H56E67","Sing",35,"---"
"&H57047","Sing",35,"---"
"&H57227","Sing",35,"---"
"&H57407","Sing",35,"---"
"&H575E7","Sing",35,"---"
"&H577C7","Sing",35,"---"
"&H579A7","Sing",35,"---"
"&H57B87","Sing",35,"---"
"&H57D67","Sing",35,"---"
"&H57F47","Sing",35,"---"
"&H58127","Sing",35,"---"
"&H58307","Sing",35,"---"
"&H584E7","Sing",35,"---"
"&H55613","Sing",372,"---"
"&H557F3","Sing",388,"---"
"&H559D3","Sing",372,"---"
"&H55BB3","Sing",388,"---"
"&H55D93","Sing",372,"---"
"&H55F73","Sing",388,"---"
"&H56153","Sing",372,"---"
"&H56333","Sing",400,"---"
"&H56513","Sing",400,"---"
"&H566F3","Sing",372,"---"
"&H568D3","Sing",388,"---"
"&H56AB3","Sing",372,"---"
"&H56C93","Sing",388,"---"
"&H56E73","Sing",372,"---"
"&H57053","Sing",388,"---"
"&H57233","Sing",372,"---"
"&H57413","Sing",372,"---"
"&H575F3","Sing",388,"---"
"&H577D3","Sing",372,"---"
"&H579B3","Sing",388,"---"
"&H57B93","Sing",372,"---"
"&H57D73","Sing",388,"---"
"&H57F53","Sing",372,"---"
"&H58133","Sing",372,"---"
"&H58313","Sing",400,"---"
"&H584F3","Sing",400,"---"
"&H5561D","Sing",505,"---"
"&H557FD","Sing",505,"---"
"&H559DD","Sing",505,"---"
"&H55BBD","Sing",505,"---"
"&H55D9D","Sing",505,"---"
"&H55F7D","Sing",505,"---"
"&H5615D","Sing",505,"---"
"&H5633D","Sing",505,"---"
"&H5651D","Sing",505,"---"
"&H566FD","Sing",505,"---"
"&H568DD","Sing",505,"---"
"&H56ABD","Sing",505,"---"
"&H56C9D","Sing",505,"---"
"&H56E7D","Sing",505,"---"
"&H5705D","Sing",505,"---"
"&H5723D","Sing",505,"---"
"&H5741D","Sing",505,"---"
"&H575FD","Sing",505,"---"
"&H577DD","Sing",505,"---"
"&H579BD","Sing",505,"---"
"&H57B9D","Sing",505,"---"
"&H57D7D","Sing",505,"---"
"&H57F5D","Sing",505,"---"
"&H5813D","Sing",505,"---"
"&H5831D","Sing",505,"---"
"&H584FD","Sing",505,"---"
"&H55627","Sing",9200,"---"
"&H55807","Sing",9200,"---"
"&H559E7","Sing",9200,"---"
"&H55BC7","Sing",9200,"---"
"&H55DA7","Sing",9200,"---"
"&H55F87","Sing",9200,"---"
"&H56167","Sing",9200,"---"
"&H56347","Sing",9200,"---"
"&H56527","Sing",9200,"---"
"&H56707","Sing",9200,"---"
"&H568E7","Sing",9200,"---"
"&H56AC7","Sing",9200,"---"
"&H56CA7","Sing",9200,"---"
"&H56E87","Sing",9200,"---"
"&H57067","Sing",9200,"---"
"&H57247","Sing",9200,"---"
"&H57427","Sing",9200,"---"
"&H57607","Sing",9200,"---"
"&H577E7","Sing",9200,"---"
"&H579C7","Sing",9200,"---"
"&H57BA7","Sing",9200,"---"
"&H57D87","Sing",9200,"---"
"&H57F67","Sing",9200,"---"
"&H58147","Sing",9200,"---"
"&H58327","Sing",9200,"---"
"&H58507","Sing",9200,"---"
"&H55631","Sing",.0036,"---"
"&H55811","Sing",.0036,"---"
"&H559F1","Sing",.0036,"---"
"&H55BD1","Sing",.0036,"---"
"&H55DB1","Sing",.0036,"---"
"&H55F91","Sing",.0036,"---"
"&H56171","Sing",.0036,"---"
"&H56351","Sing",.0036,"---"
"&H56531","Sing",.0036,"---"
"&H56711","Sing",.0036,"---"
"&H568F1","Sing",.0036,"---"
"&H56AD1","Sing",.0036,"---"
"&H56CB1","Sing",.0036,"---"
"&H56E91","Sing",.0036,"---"
"&H57071","Sing",.0036,"---"
"&H57251","Sing",.0036,"---"
"&H57431","Sing",.0036,"---"
"&H57611","Sing",.0036,"---"
"&H577F1","Sing",.0036,"---"
"&H579D1","Sing",.0036,"---"
"&H57BB1","Sing",.0036,"---"
"&H57D91","Sing",.0036,"---"
"&H57F71","Sing",.0036,"---"
"&H58151","Sing",.0036,"---"
"&H58331","Sing",.0036,"---"
"&H58511","Sing",.0036,"---"
"&H55645","Sing",400,"---"
"&H55825","Sing",400,"---"
"&H55A05","Sing",400,"---"
"&H55BE5","Sing",400,"---"
"&H55DC5","Sing",400,"---"
"&H55FA5","Sing",400,"---"
"&H56185","Sing",400,"---"
"&H56365","Sing",400,"---"
"&H56545","Sing",400,"---"
"&H56725","Sing",400,"---"
"&H56905","Sing",400,"---"
"&H56AE5","Sing",400,"---"
"&H56CC5","Sing",400,"---"
"&H56EA5","Sing",400,"---"
"&H57085","Sing",400,"---"
"&H57265","Sing",400,"---"
"&H57445","Sing",400,"---"
"&H57625","Sing",400,"---"
"&H57805","Sing",400,"---"
"&H579E5","Sing",400,"---"
"&H57BC5","Sing",400,"---"
"&H57DA5","Sing",400,"---"
"&H57F85","Sing",400,"---"
"&H58165","Sing",400,"---"
"&H58345","Sing",400,"---"
"&H58525","Sing",400,"---"
"&H5564F","Sing",550,"---"
"&H5582F","Sing",550,"---"
"&H55A0F","Sing",550,"---"
"&H55BEF","Sing",550,"---"
"&H55DCF","Sing",550,"---"
"&H55FAF","Sing",550,"---"
"&H5618F","Sing",550,"---"
"&H5636F","Sing",550,"---"
"&H5654F","Sing",550,"---"
"&H5672F","Sing",550,"---"
"&H5690F","Sing",550,"---"
"&H56AEF","Sing",550,"---"
"&H56CCF","Sing",550,"---"
"&H56EAF","Sing",550,"---"
"&H5708F","Sing",550,"---"
"&H5726F","Sing",550,"---"
"&H5744F","Sing",550,"---"
"&H5762F","Sing",550,"---"
"&H5780F","Sing",550,"---"
"&H579EF","Sing",550,"---"
"&H57BCF","Sing",550,"---"
"&H57DAF","Sing",550,"---"
"&H57F8F","Sing",550,"---"
"&H5816F","Sing",550,"---"
"&H5834F","Sing",550,"---"
"&H5852F","Sing",550,"---"
